"","dowStartSun","scaledCollisions","dewp","temperature","visibility","wind_speed","snow_depth","bft_wind_scale","num_collisions","fatalities","injured","weighted_fatalities_injuries"
"1",6,0.357843137254902,-4.11111111111111,2.5,9.8,4.4,0,2,257,2,105,12.5
"2",7,0.176470588235294,1.83333333333333,5.27777777777778,5.9,6.2,0,2,220,1,106,11.6
"3",2,0.284313725490196,0.0555555555555564,3.16666666666667,9.2,5.3,0,2,242,1,101,11.1
"4",3,0.215686274509804,-1.33333333333333,3.55555555555555,10,3.9,0,1,228,0,92,9.2
"5",4,0.176470588235294,-3.05555555555556,3,10,6.4,0,2,220,1,87,9.7
"6",5,0.495098039215686,-6.33333333333333,1.83333333333333,10,7.2,0,3,285,3,125,15.5
"7",6,0.431372549019608,-6.94444444444444,0,10,4.5,0,2,272,0,117,11.7
"8",7,0.294117647058824,-9.5,-0.722222222222223,10,6,0,2,244,0,115,11.5
"9",2,0.264705882352941,-6.38888888888889,0.222222222222221,10,2.7,0,1,238,0,85,8.5
"10",3,0.465686274509804,-5,2.94444444444444,9.4,3.4,0,1,279,0,100,10
"11",4,0.299019607843137,-5.05555555555556,3.83333333333333,8.9,3,0,1,245,1,85,9.5
"12",5,0.338235294117647,-2,6.05555555555556,8.2,1.6,0,1,253,1,109,11.9
"13",6,0.431372549019608,1.33333333333333,5.11111111111111,7,5.7,0,2,272,0,105,10.5
"14",7,0.397058823529412,3.27777777777778,6.16666666666667,8.2,7.2,0,3,265,1,127,13.7
"15",1,0.127450980392157,-4.11111111111111,4.05555555555555,10,7.7,0,3,210,0,94,9.4
"16",2,0.200980392156863,-3.55555555555555,5.16666666666667,10,6.1,0,2,225,0,92,9.2
"17",3,0.377450980392157,-4.77777777777778,3.22222222222222,10,5.7,0,2,261,0,101,10.1
"18",4,0.338235294117647,-7.11111111111111,2.55555555555556,9.5,5.7,0,2,253,1,95,10.5
"19",5,0.32843137254902,-9.83333333333333,0.166666666666665,10,3.9,0,1,251,0,106,10.6
"20",6,0.343137254901961,-5.72222222222222,4.94444444444444,10,5.7,0,2,254,1,92,10.2
"21",7,0.32843137254902,-12.7222222222222,-0.222222222222221,10,9.2,0,3,251,0,115,11.5
"22",1,0.137254901960784,-15.3888888888889,-3.27777777777778,10,9.2,0,3,212,0,89,8.9
"23",2,0.372549019607843,-12.7777777777778,-1.66666666666667,10,5,0,2,260,0,85,8.5
"24",3,0.387254901960784,-6.83333333333333,0.722222222222221,7.5,6,0,2,263,0,128,12.8
"25",4,0.382352941176471,-2.66666666666667,1.27777777777778,7.4,5.4,0,2,262,0,94,9.4
"26",5,0.382352941176471,-10.4444444444444,-1.11111111111111,10,7.2,0,3,262,0,86,8.5
"27",6,0.524509803921569,-17.7777777777778,-6.44444444444445,10,12.5,0,4,291,3,116,14.6
"28",7,0.490196078431373,-15.9444444444444,-5.5,10,7.6,0,3,284,1,78,8.8
"29",1,0.553921568627451,-12.7222222222222,-4.61111111111111,9.3,4.8,0,2,297,0,108,10.8
"30",2,0.269607843137255,-4.66666666666667,-2.77777777777778,0.7,11.4,330.2,4,239,0,38,3.8
"31",3,0.264705882352941,-1.94444444444444,0,2.9,8.8,129.54,3,238,0,38,3.8
"32",4,0.303921568627451,-4.66666666666667,0.111111111111113,8.7,6.5,360.68,2,246,0,51,5.1
"33",5,0.455882352941176,-6.72222222222222,1.66666666666667,10,6.7,330.2,2,277,0,97,9.7
"34",6,0.696078431372549,-2.38888888888889,5.05555555555556,9.6,3.5,279.4,1,326,0,106,10.6
"35",7,0.446078431372549,-8.5,4.11111111111111,10,6.6,231.14,2,275,1,96,10.6
"36",1,0.28921568627451,-6.05555555555556,2.16666666666667,6.2,4.5,180.34,2,243,0,106,10.6
"37",2,0.573529411764706,-12.6666666666667,-4.61111111111111,9.3,6.3,149.86,2,301,0,96,9.6
"38",3,0.220588235294118,-6.55555555555556,-1.22222222222222,8.4,4.3,248.92,2,229,0,68,6.8
"39",4,0.465686274509804,-8.72222222222222,-1.44444444444445,9.5,3.9,231.14,1,279,0,110,11
"40",5,0.563725490196078,-7.5,-1.38888888888889,7.3,5,231.14,2,299,0,84,8.4
"41",6,0.519607843137255,-15.1666666666667,-3.44444444444444,10,4.6,231.14,2,290,0,105,10.5
"42",7,0.127450980392157,-14.8888888888889,-2.5,10,5.6,200.66,2,210,1,89,9.9
"43",1,0,-5.88888888888889,-0.444444444444445,9.8,4.1,200.66,2,184,0,69,6.9
"44",2,0.117647058823529,-4.55555555555556,0.666666666666668,8.9,4.9,200.66,2,208,2,89,10.9
"45",3,0.142156862745098,1.33333333333333,4.55555555555556,5.1,6.2,180.34,2,213,2,73,9.3
"46",4,0.269607843137255,-12.8888888888889,-1.27777777777778,10,7.4,149.86,3,239,1,96,10.6
"47",5,0.352941176470588,-10.2777777777778,-2.16666666666667,5.9,6.8,78.74,2,256,1,104,11.4
"48",6,0.0882352941176471,-3.11111111111111,-1.22222222222222,3.2,7.3,50.8,3,202,0,69,6.9
"49",7,0.357843137254902,-6.44444444444445,-0.333333333333334,9.3,5.5,129.54,2,257,0,100,10
"50",1,0.117647058823529,-10.6111111111111,-1.27777777777778,10,5.8,149.86,2,208,0,106,10.6
"51",2,0.299019607843137,-5.44444444444444,1.27777777777778,7.7,3.3,129.54,1,245,1,81,9.1
"52",3,0.274509803921569,-1.38888888888889,3.77777777777778,8.6,4.5,78.74,2,240,0,97,9.7
"53",4,0.406862745098039,-1.94444444444444,7.66666666666667,10,6.4,78.74,2,267,2,137,15.7
"54",5,0.416666666666667,-4.72222222222222,7.77777777777778,10,8.2,50.8,3,269,0,95,9.5
"55",6,0.573529411764706,-9.33333333333333,4.5,10,3.5,0,1,301,1,152,16.2
"56",7,0.191176470588235,2.22222222222222,6.11111111111111,6.8,4.5,0,2,223,0,104,10.4
"57",1,0.137254901960784,1.33333333333333,6.5,9.1,4.1,0,2,212,0,99,9.9
"58",2,0.196078431372549,2.5,6.33333333333333,5.6,5.9,0,2,224,0,77,7.7
"59",3,0.411764705882353,-16.3333333333333,-1.55555555555556,10,11.1,0,4,268,0,126,12.6
"60",4,0.294117647058824,-10.1111111111111,4.11111111111111,10,6,0,2,244,1,95,10.5
"61",5,0.382352941176471,-5.94444444444444,5.44444444444444,10,6.8,0,2,262,3,84,11.4
"62",6,0.598039215686274,-16.5555555555556,-1.27777777777778,10,11.1,0,4,306,2,123,14.3
"63",7,0.32843137254902,-11.9444444444444,0.444444444444443,10,8.4,0,3,251,0,91,9.1
"64",1,0.156862745098039,-11.7777777777778,0.388888888888891,10,5.9,0,2,216,0,93,9.3
"65",2,0.323529411764706,-13,0.944444444444446,10,4.2,0,2,250,0,94,9.4
"66",3,0.563725490196078,-8.11111111111111,10.1111111111111,10,6.6,0,2,299,1,126,13.6
"67",4,0.196078431372549,-1.66666666666667,8.88888888888889,10,5.3,0,2,224,2,100,12
"68",5,0.504901960784314,4.72222222222222,12.0555555555556,7.3,2.6,0,1,287,0,144,14.4
"69",6,0.754901960784314,0.111111111111113,17.2777777777778,10,6,0,2,338,2,139,15.9
"70",7,0.333333333333333,-12.3888888888889,7.33333333333333,10,7.4,0,3,252,1,95,10.5
"71",1,0.294117647058824,-10.4444444444444,7.38888888888889,10,8,0,3,244,0,89,8.9
"72",2,0.338235294117647,-19.6111111111111,-0.499999999999999,10,9,0,3,253,0,108,10.8
"73",3,0.259803921568627,-14.7777777777778,0.388888888888891,10,3.7,0,1,237,0,82,8.2
"74",4,0.28921568627451,-0.833333333333333,4.16666666666667,9.9,3,0,1,243,0,100,10
"75",5,0.294117647058824,4.77777777777778,7.38888888888889,6.5,3.7,0,1,244,1,89,9.9
"76",6,0.612745098039216,-9.22222222222222,3.61111111111111,9.3,11.3,0,4,309,0,115,11.5
"77",7,0.485294117647059,-10.9444444444444,6.44444444444445,10,3,0,1,283,0,145,14.5
"78",1,0.377450980392157,-6.27777777777778,11.0555555555556,10,2.5,0,1,261,0,147,14.7
"79",2,0.544117647058823,-1,10.3333333333333,9.5,2.9,0,1,295,1,132,14.2
"80",3,0.485294117647059,4.33333333333333,11.1111111111111,8.8,4.1,0,2,283,0,122,12.2
"81",4,0.411764705882353,6.94444444444444,10.8888888888889,8.4,4.1,0,2,268,1,136,14.6
"82",5,0.357843137254902,10.8888888888889,13.1111111111111,4.1,4.1,0,2,257,0,103,10.3
"83",6,0.745098039215686,10.1666666666667,17,7,5.3,0,2,336,0,159,15.9
"84",7,0.691176470588235,3.16666666666667,14.4444444444444,10,6.6,0,2,325,1,184,19.4
"85",1,0.0686274509803922,8.83333333333333,12.2222222222222,6.9,3.8,0,1,198,1,77,8.7
"86",2,0.274509803921569,-1.88888888888889,10.5,9.5,10.5,0,3,240,0,103,10.3
"87",3,0.475490196078431,-3.44444444444444,10.3333333333333,10,4.6,0,2,281,1,115,12.5
"88",4,0.490196078431373,8.77777777777778,13.4444444444444,9.2,4.8,0,2,284,0,133,13.3
"89",5,0.387254901960784,3,9.22222222222222,8.3,7.9,0,3,263,1,128,13.8
"90",6,0.485294117647059,-10.3333333333333,1.72222222222222,10,9.1,0,3,283,0,108,10.8
"91",7,0.475490196078431,-13.3888888888889,4.61111111111111,10,5.9,0,2,281,1,154,16.4
"92",1,0.367647058823529,-5.33333333333333,11.3333333333333,10,3.3,0,1,259,1,124,13.4
"93",2,0.411764705882353,-5.5,14,10,6.9,0,2,268,0,154,15.4
"94",3,0.656862745098039,-9.33333333333333,14.2222222222222,10,6.8,0,2,318,0,155,15.5
"95",4,0.583333333333333,-1.11111111111111,15.5555555555556,10,2.5,0,1,303,1,138,14.8
"96",5,0.617647058823529,3.5,14.2222222222222,10,3.1,0,1,310,3,156,18.6
"97",6,0.475490196078431,6.33333333333333,11.5,9.9,3.9,0,1,281,1,103,11.3
"98",7,0.53921568627451,9.16666666666667,14.1666666666667,9.7,2.4,0,1,294,1,138,14.8
"99",1,0.151960784313725,11.4444444444444,12.7777777777778,3.5,4.8,0,2,215,0,112,11.2
"100",2,0.392156862745098,5.16666666666667,8.66666666666667,7.2,8,0,3,264,0,128,12.8
"101",3,0.67156862745098,4.33333333333333,11.3333333333333,9.1,4.3,0,2,321,1,143,15.3
"102",4,0.544117647058823,5.66666666666667,14.6666666666667,10,3.2,0,1,295,0,137,13.7
"103",5,0.42156862745098,9.38888888888889,12.5555555555556,6.9,3.5,0,1,270,2,115,13.5
"104",6,0.558823529411765,2.66666666666667,7.77777777777778,9.5,5.5,0,2,298,0,127,12.7
"105",7,0.392156862745098,1.55555555555555,9.22222222222222,10,5.4,0,2,264,1,111,12.1
"106",1,0.362745098039216,1.88888888888889,12.5555555555556,10,2.9,0,1,258,2,157,17.7
"107",2,0.666666666666667,2.33333333333333,14.9444444444444,10,3,0,1,320,2,142,16.2
"108",3,0.632352941176471,4.61111111111111,16.7777777777778,10,2.7,0,1,313,0,168,16.8
"109",4,0.485294117647059,4.77777777777778,14.7222222222222,9.6,4.7,0,2,283,1,136,14.6
"110",5,0.333333333333333,-8.05555555555556,5.11111111111111,10,10.7,0,3,252,1,97,10.7
"111",6,0.848039215686274,-7.11111111111111,9.66666666666667,10,7.5,0,3,357,1,124,13.4
"112",7,0.573529411764706,-2.66666666666667,15.7777777777778,10,3.7,0,1,301,2,132,15.2
"113",1,0.436274509803922,5.66666666666667,13.3888888888889,7.7,3.9,0,1,273,1,172,18.2
"114",2,0.568627450980392,-3.55555555555555,11.1111111111111,10,7.4,0,3,300,1,152,16.2
"115",3,0.436274509803922,-5.61111111111111,12.4444444444444,10,2.7,0,1,273,2,101,12.1
"116",5,0.686274509803922,14,19.2777777777778,8.2,1.3,0,1,324,1,141,15.1
"117",6,0.720588235294118,7.77777777777778,18.3888888888889,9.7,9.2,0,3,331,0,144,14.4
"118",7,0.656862745098039,-3.5,11.1111111111111,10,9.3,0,3,318,1,174,18.4
"119",1,0.715686274509804,1.77777777777778,18.8888888888889,10,5.7,0,2,330,1,216,22.6
"120",2,0.647058823529412,9.05555555555555,17.1666666666667,10,5.2,0,2,316,1,186,19.6
"121",3,0.78921568627451,11.7777777777778,14.8888888888889,7,3.8,0,1,345,0,166,16.6
"122",4,0.759803921568627,11.0555555555556,12.9444444444444,5.6,3.4,0,1,339,0,143,14.3
"123",5,0.759803921568627,3.5,13.8888888888889,9.8,5.9,0,2,339,1,154,16.4
"124",6,0.661764705882353,0.0555555555555564,14.2777777777778,10,3.7,0,1,319,0,139,13.9
"125",7,0.593137254901961,4.44444444444444,11,10,2.9,0,1,305,0,149,14.9
"126",3,0.696078431372549,1.5,13.7777777777778,10,4.6,0,2,326,2,181,20.1
"127",4,0.71078431372549,-0.88888888888889,13.6666666666667,10,6.9,0,2,329,0,153,15.3
"128",5,0.656862745098039,-0.777777777777777,15.8888888888889,10,2.5,0,1,318,1,158,16.8
"129",7,0.67156862745098,1.27777777777778,19.3333333333333,10,3.4,0,1,321,0,171,17.1
"130",1,0.75,4.16666666666667,19.2777777777778,10,2.5,0,1,337,0,144,14.4
"131",2,0.666666666666667,6.22222222222222,19,10,2.1,0,1,320,1,139,14.9
"132",3,0.931372549019608,6.05555555555556,21.3333333333333,10,4.4,0,2,374,1,183,19.3
"133",4,0.799019607843137,7.38888888888889,24.1111111111111,10,4.5,0,2,347,1,168,17.8
"134",5,0.985294117647059,4.16666666666667,20.1666666666667,10,2.6,0,1,385,1,168,17.8
"135",6,0.980392156862745,7.05555555555556,19.3333333333333,10,1.5,0,1,384,4,155,19.5
"136",7,0.950980392156863,12.4444444444444,24.3333333333333,10,2.2,0,1,378,3,210,24
"137",1,0.715686274509804,15,26.6666666666667,10,5.5,0,2,330,1,167,17.7
"138",2,0.676470588235294,7.44444444444444,18.4444444444444,10,6,0,2,322,3,136,16.6
"139",3,0.833333333333333,8.33333333333333,17.7777777777778,9.9,4.1,0,2,354,2,203,22.3
"140",4,0.730392156862745,16.6666666666667,22.6666666666667,9,3.5,0,1,333,1,169,17.9
"141",6,0.852941176470588,5.77777777777778,16.8333333333333,9.2,7.2,0,3,358,3,162,19.2
"142",3,0.838235294117647,10.1666666666667,18.2222222222222,10,0.9,0,0,355,2,161,18.1
"143",4,0.759803921568627,11.9444444444444,19.8333333333333,10,2.5,0,1,339,0,169,16.9
"144",5,0.509803921568627,15.1111111111111,18.6111111111111,7.5,1,0,1,288,0,118,11.8
"145",6,0.720588235294118,18.8888888888889,21.2222222222222,7.4,2.5,0,1,331,2,152,17.2
"146",7,0.887254901960784,17.1111111111111,23.7777777777778,9.9,4.1,0,2,365,0,166,16.6
"147",1,0.897058823529412,16.7777777777778,28.6111111111111,10,2.7,0,1,367,0,199,19.9
"148",2,0.965686274509804,20,27.5,9,2.6,0,1,381,0,194,19.4
"149",3,0.838235294117647,21.3333333333333,27,9,2.6,0,1,355,0,149,14.9
"150",4,0.82843137254902,20.8888888888889,25.9444444444444,9,2.4,0,1,353,0,191,19.1
"151",5,0.911764705882353,14.5555555555556,25.6666666666667,10,4.9,0,2,370,3,157,18.7
"152",6,0.779411764705882,10.5,18.7777777777778,10,4.6,0,2,343,1,158,16.8
"153",7,0.700980392156863,13.9444444444444,19,10,4.2,0,2,327,2,171,19.1
"154",1,0.715686274509804,13.1111111111111,19.3333333333333,10,1.9,0,1,330,2,172,19.2
"155",2,0.71078431372549,15.6111111111111,19.9444444444444,8.5,2,0,1,329,0,144,14.4
"156",3,0.906862745098039,15.8888888888889,22.1666666666667,10,3.1,0,1,369,1,174,18.4
"157",4,0.911764705882353,8.72222222222222,20.8333333333333,10,3.8,0,1,370,1,190,20
"158",5,1,3.61111111111111,20.5,10,3.8,0,1,388,1,181,19.1
"159",6,0.995098039215686,7.72222222222222,23.1666666666667,10,3.6,0,1,387,4,176,21.6
"160",7,0.92156862745098,16.2222222222222,24.3333333333333,9.9,4.4,0,2,372,1,174,18.4
"161",1,0.681372549019608,16.8888888888889,24.1111111111111,10,2.5,0,1,323,1,157,16.7
"162",2,0.867647058823529,21,26.6666666666667,9.8,2.5,0,1,361,0,171,17.1
"163",3,0.519607843137255,17.9444444444444,22.2777777777778,9,4.2,0,2,290,0,138,13.8
"164",4,0.82843137254902,7.66666666666667,18.2777777777778,10,4.3,0,2,353,0,180,18
"165",5,0.980392156862745,10.4444444444444,20.3333333333333,10,2.8,0,1,384,1,176,18.6
"166",6,0.965686274509804,12.8888888888889,20.7777777777778,10,2.6,0,1,381,0,190,19
"167",7,0.936274509803922,19.7222222222222,23.7222222222222,9.5,2.4,0,1,375,0,196,19.6
"168",1,0.725490196078431,21.0555555555556,26.3888888888889,10,3.8,0,1,332,1,162,17.2
"169",2,0.955882352941177,21.2777777777778,28.4444444444444,10,4.1,0,2,379,2,188,20.8
"170",3,0.813725490196078,21.5,30,10,4.2,0,2,350,2,174,19.4
"171",4,0.867647058823529,20.7777777777778,31.2777777777778,10,4.3,0,2,361,0,158,15.8
"172",5,0.661764705882353,21.3888888888889,24.4444444444444,6.5,2.1,0,1,319,2,151,17.1
"173",6,0.730392156862745,20.2222222222222,22.6111111111111,6.8,1.9,0,1,333,0,188,18.8
"174",7,0.524509803921569,15.2222222222222,17.5555555555556,8.1,6.3,0,2,291,1,135,14.5
"175",1,0.514705882352941,14.8333333333333,19.7222222222222,9.6,2.4,0,1,289,0,145,14.5
"176",2,0.676470588235294,18.2222222222222,23.3333333333333,5.9,2.5,0,1,322,0,143,14.3
"177",3,0.696078431372549,19.3888888888889,26.7222222222222,8.9,5.6,0,2,326,0,153,15.3
"178",4,0.686274509803922,21.1111111111111,26.5555555555556,6.8,2.4,0,1,324,1,130,14
"179",5,0.593137254901961,21.1111111111111,26.0555555555556,6.7,4.2,0,2,305,2,160,18
"180",6,0.794117647058823,21.1666666666667,24.1111111111111,5.4,3.6,0,1,346,2,180,20
"181",7,0.534313725490196,19.6111111111111,22.8333333333333,8.8,2.7,0,1,293,1,152,16.2
"182",1,0.387254901960784,20.3333333333333,22.5555555555556,5.8,1.7,0,1,263,1,131,14.1
"183",2,0.583333333333333,22.2777777777778,25.1666666666667,6.3,3,0,1,303,0,130,13
"184",3,0.558823529411765,19.7222222222222,21.7222222222222,7.1,6.1,0,2,298,1,125,13.5
"185",4,0.720588235294118,20.6666666666667,24,6.5,3.2,0,1,331,1,140,15
"186",5,0.92156862745098,20.1666666666667,27.1111111111111,10,1.9,0,1,372,0,181,18.1
"187",6,0.813725490196078,21.3333333333333,28.8888888888889,10,2.9,0,1,350,1,152,16.2
"188",7,0.759803921568627,21.5,27.6111111111111,8.4,1.4,0,1,339,1,192,20.2
"189",1,0.617647058823529,21.0555555555556,24.7222222222222,8.1,3.9,0,1,310,1,189,19.9
"190",2,0.705882352941177,18.1111111111111,23.7222222222222,10,4.1,0,2,328,1,136,14.6
"191",3,0.5,18.8888888888889,25.8888888888889,5.5,2.3,0,1,286,0,158,15.8
"192",4,0.715686274509804,18.5,25.2777777777778,5.3,1.9,0,1,330,0,142,14.2
"193",5,0.71078431372549,14,23.3333333333333,10,2.8,0,1,329,2,146,16.6
"194",6,0.686274509803922,12.6111111111111,23.1111111111111,9.6,2.6,0,1,324,0,124,12.4
"195",7,0.75,14.6111111111111,23.6111111111111,10,2,0,1,337,3,209,23.9
"196",1,0.676470588235294,18.8888888888889,23.8333333333333,7.7,1.8,0,1,322,0,153,15.3
"197",2,0.857843137254902,19.5,26.6666666666667,6.1,2.2,0,1,359,3,185,21.5
"198",3,0.656862745098039,16,27.4444444444444,6.9,2.4,0,1,318,0,146,14.6
"199",4,0.568627450980392,16.7777777777778,23.7777777777778,8.9,3.9,0,1,300,1,137,14.7
"200",5,0.661764705882353,18.8888888888889,22.9444444444444,8.7,2.7,0,1,319,2,157,17.7
"201",7,0.82843137254902,9.38888888888889,20.5555555555556,10,3.4,0,1,353,1,186,19.6
"202",1,0.583333333333333,14.7777777777778,21.8333333333333,10,1.8,0,1,303,3,175,20.5
"203",2,0.691176470588235,14.4444444444444,21.3888888888889,9.7,3.6,0,1,325,0,171,17.1
"204",3,0.632352941176471,11.7222222222222,22.2222222222222,10,1.9,0,1,313,1,152,16.2
"205",4,0.524509803921569,14.7777777777778,22.1666666666667,10,3,0,1,291,0,144,14.4
"206",5,0.588235294117647,16.2222222222222,22.8333333333333,10,4.3,0,2,304,1,110,12
"207",6,0.838235294117647,17.6111111111111,25.2222222222222,10,2.5,0,1,355,0,202,20.2
"208",7,0.735294117647059,17.1111111111111,25.8888888888889,10,3.9,0,1,334,1,165,17.5
"209",1,0.637254901960784,17.4444444444444,22.4444444444444,8.2,5.6,0,2,314,1,149,15.9
"210",2,0.759803921568627,19.2777777777778,22.5555555555556,8.3,5.1,0,2,339,2,163,18.3
"211",3,0.720588235294118,20.7222222222222,24.7777777777778,9.3,1.7,0,1,331,1,202,21.2
"212",4,0.647058823529412,22.3888888888889,26.2222222222222,8.3,2.5,0,1,316,0,125,12.5
"213",5,0.686274509803922,21.2777777777778,27.1666666666667,9.3,3.5,0,1,324,0,164,16.4
"214",6,0.852941176470588,20.5555555555556,29.6111111111111,10,2,0,1,358,1,181,19.1
"215",7,0.57843137254902,20,28.9444444444444,10,2.7,0,1,302,1,143,15.3
"216",1,0.637254901960784,13.2777777777778,24.8888888888889,10,4,0,2,314,1,164,17.4
"217",2,0.573529411764706,14.8888888888889,23.6111111111111,10,2.2,0,1,301,0,142,14.2
"218",3,0.5,18.2222222222222,24.1666666666667,10,2,0,1,286,1,170,18
"219",4,0.735294117647059,21.3333333333333,25.1666666666667,10,1.8,0,1,334,0,154,15.4
"220",5,0.5,22.2777777777778,26.3888888888889,9.3,3.7,0,1,286,0,127,12.7
"221",6,0.691176470588235,19.6666666666667,25.7777777777778,10,2.8,0,1,325,0,147,14.7
"222",7,0.67156862745098,21.1666666666667,25.4444444444444,10,1.4,0,1,321,2,159,17.9
"223",1,0.357843137254902,22.0555555555556,23.3333333333333,3.3,4.2,0,2,257,0,146,14.6
"224",2,0.534313725490196,21.2222222222222,23.5555555555556,5.8,4.6,0,2,293,0,146,14.6
"225",3,0.725490196078431,19.2222222222222,26.5555555555556,10,2.6,0,1,332,3,187,21.7
"226",4,0.745098039215686,18.4444444444444,27.6666666666667,10,1.5,0,1,336,0,156,15.6
"227",5,0.779411764705882,20.8333333333333,28.8333333333333,8.9,2.1,0,1,343,1,163,17.3
"228",6,0.808823529411765,22.1111111111111,27.9444444444444,8.7,2.6,0,1,349,3,147,17.7
"229",7,0.583333333333333,19,23.8333333333333,9.9,5.3,0,2,303,1,165,17.5
"230",1,0.852941176470588,16.8888888888889,21.6666666666667,10,3.4,0,1,358,1,209,21.9
"231",2,0.681372549019608,21.8888888888889,25.2777777777778,8.8,1.4,0,1,323,0,139,13.9
"232",3,0.617647058823529,18.3888888888889,26.1666666666667,10,2.9,0,1,310,2,145,16.5
"233",4,0.661764705882353,17.9444444444444,22.7777777777778,7.9,5.5,0,2,319,0,142,14.2
"234",5,0.887254901960784,13.1666666666667,19.7777777777778,7.8,7.2,0,3,365,1,187,19.7
"235",6,0.823529411764706,10.6111111111111,19.2777777777778,10,3,0,1,352,0,151,15.1
"236",7,0.769607843137255,12.2777777777778,20.4444444444444,10,2.2,0,1,341,1,196,20.6
"237",1,0.534313725490196,16.2777777777778,21.5,9.8,1.5,0,1,293,2,175,19.5
"238",2,0.563725490196078,16.5555555555556,23.4444444444444,9.5,4.7,0,2,299,0,183,18.3
"239",3,0.75,13.1111111111111,22.1666666666667,10,2.1,0,1,337,3,182,21.2
"240",4,0.735294117647059,18.1666666666667,24,10,2.5,0,1,334,0,165,16.5
"241",5,0.53921568627451,19.2222222222222,22,7.4,6.7,0,2,294,0,138,13.8
"242",6,0.823529411764706,12.4444444444444,20.3333333333333,10,5.8,0,2,352,1,176,18.6
"243",7,0.730392156862745,10.6666666666667,20.1111111111111,10,1.8,0,1,333,5,149,19.9
"244",1,0.67156862745098,15.5,22.7777777777778,10,3.2,0,1,321,1,187,19.7
"245",2,0.950980392156863,17.8888888888889,25.7222222222222,10,4.2,0,2,378,0,157,15.7
"246",3,0.774509803921569,17.9444444444444,22.6666666666667,9.5,1.6,0,1,342,0,182,18.2
"247",4,0.843137254901961,20.7222222222222,25.0555555555556,8.4,7.2,0,3,356,0,186,18.6
"248",5,0.416666666666667,18,23.1111111111111,10,9.8,0,3,269,0,122,12.2
"249",6,0.936274509803922,19.3888888888889,22.2777777777778,8.4,11.2,0,4,375,0,176,17.6
"250",7,0.661764705882353,18.9444444444444,24.0555555555556,10,6,0,2,319,1,186,19.6
"251",1,0.656862745098039,13.2222222222222,22.0555555555556,10,7.8,0,3,318,1,171,18.1
"252",2,0.651960784313726,13.4444444444444,20.0555555555556,10,5.4,0,2,317,1,154,16.4
"253",3,0.622549019607843,14.6111111111111,20.3333333333333,10,7.5,0,3,311,1,158,16.8
"254",4,0.514705882352941,20.5555555555556,23.2222222222222,8.4,9.6,0,3,289,0,136,13.6
"255",5,0.661764705882353,20.6666666666667,24.3333333333333,9.3,4.2,0,2,319,0,145,14.5
"256",6,0.975490196078431,12.7777777777778,18.4444444444444,8.1,4.5,0,2,383,1,183,19.3
"257",7,0.852941176470588,10.9444444444444,18.8888888888889,10,0.9,0,0,358,2,170,19
"258",1,0.637254901960784,9.55555555555556,19,10,4.2,0,2,314,0,170,17
"259",2,0.691176470588235,9.27777777777778,20.1666666666667,10,10.6,0,3,325,1,138,14.8
"260",3,0.549019607843137,14.5,20.4444444444444,9.3,8.8,0,3,296,3,147,17.7
"261",4,0.779411764705882,6.83333333333333,16.7777777777778,10,10,0,3,343,0,199,19.9
"262",5,0.784313725490196,7.11111111111111,16.3888888888889,10,7.9,0,3,344,0,166,16.6
"263",6,0.985294117647059,6.66666666666667,14.8333333333333,10,7,0,3,385,0,189,18.9
"264",7,0.808823529411765,9.38888888888889,17.6666666666667,10,6.3,0,2,349,3,166,19.6
"265",1,0.705882352941177,13.1111111111111,20.7777777777778,10,4.8,0,2,328,0,148,14.8
"266",2,0.519607843137255,18.2222222222222,20.6666666666667,6.5,7.9,0,3,290,1,139,14.9
"267",3,0.656862745098039,14.1111111111111,16.7222222222222,9.8,2,0,1,318,0,141,14.1
"268",4,0.42156862745098,14.1666666666667,17.7777777777778,10,1.7,0,1,270,1,130,14
"269",5,0.901960784313726,15.3888888888889,19.2222222222222,9.7,0.9,0,0,368,3,167,19.7
"270",6,0.867647058823529,15.7777777777778,19.6111111111111,8.2,2.1,0,1,361,0,171,17.1
"271",7,0.411764705882353,13.5555555555556,18,10,6.7,0,2,268,0,157,15.7
"272",1,0.416666666666667,14.6111111111111,17.2222222222222,8.5,8.9,0,3,269,1,153,16.3
"273",2,0.553921568627451,14.3333333333333,18.2222222222222,10,7,0,3,297,2,138,15.8
"274",3,0.67156862745098,14.7777777777778,18.2777777777778,10,2.6,0,1,321,1,160,17
"275",4,0.627450980392157,15.6666666666667,18.5555555555556,9.3,0.8,0,0,312,1,133,14.3
"276",5,0.82843137254902,15.2777777777778,20.1666666666667,8.2,2.7,0,1,353,1,171,18.1
"277",6,0.965686274509804,15.2222222222222,20.7777777777778,10,1.6,0,1,381,3,191,22.1
"278",7,0.759803921568627,15.8333333333333,21.1111111111111,9.6,3.7,0,1,339,0,184,18.4
"279",1,0.661764705882353,9.11111111111111,14.0555555555556,9,5.7,0,2,319,3,176,20.6
"280",2,0.656862745098039,4.27777777777778,11.7777777777778,9.9,5.8,0,2,318,2,129,14.9
"281",3,0.57843137254902,3.72222222222222,12.3333333333333,10,4.8,0,2,302,2,165,18.5
"282",4,0.887254901960784,7.61111111111111,17.8888888888889,10,3.5,0,1,365,0,177,17.7
"283",5,0.916666666666667,10.0555555555556,19.2222222222222,10,3,0,1,371,0,164,16.4
"284",6,0.965686274509804,11.1111111111111,18.2222222222222,10,4,0,2,381,1,208,21.8
"285",7,0.627450980392157,6.16666666666667,12.8888888888889,9.9,2.6,0,1,312,3,149,17.9
"286",2,0.715686274509804,14.4444444444444,17.4444444444444,8.3,2.2,0,1,330,0,152,15.2
"287",3,0.681372549019608,14.3333333333333,15.6666666666667,5.7,5.2,0,2,323,0,169,16.9
"288",4,0.681372549019608,9.94444444444444,14.0555555555556,8.4,7.4,0,3,323,1,158,16.8
"289",5,0.784313725490196,5.55555555555556,11.8888888888889,10,4.3,0,2,344,1,170,18
"290",6,0.848039215686274,6.38888888888889,11.6666666666667,10,6.8,0,2,357,2,160,18
"291",7,0.823529411764706,11.8333333333333,14.1111111111111,7,6.3,0,2,352,0,185,18.5
"292",1,0.872549019607843,11.8888888888889,14.6111111111111,7.6,3.4,0,1,362,0,193,19.3
"293",2,0.720588235294118,5.05555555555556,13.1666666666667,10,5.1,0,2,331,1,141,15.1
"294",3,0.450980392156863,1.66666666666667,10.4444444444444,10,2.1,0,1,276,1,135,14.5
"295",4,0.67156862745098,-0.0555555555555564,7.66666666666667,10,3.5,0,1,321,1,155,16.5
"296",5,0.651960784313726,-2.72222222222222,6.94444444444444,10,3.2,0,1,317,1,132,14.2
"297",6,0.990196078431373,-1.94444444444444,7.11111111111111,10,3.4,0,1,386,1,190,20
"298",7,0.740196078431373,-1.77777777777778,7.72222222222222,10,2.5,0,1,335,0,178,17.8
"299",1,0.397058823529412,0.222222222222221,8.05555555555556,9.6,2.2,0,1,265,0,119,11.9
"300",2,0.71078431372549,1.38888888888889,11.7777777777778,10,2.8,0,1,329,0,162,16.2
"301",3,0.700980392156863,5.61111111111111,14.3888888888889,10,2.4,0,1,327,2,163,18.3
"302",4,0.794117647058823,5.05555555555556,15.2777777777778,9.8,2.3,0,1,346,1,184,19.4
"303",5,0.529411764705882,2,11.2777777777778,10,3.2,0,1,292,1,139,14.9
"304",6,0.82843137254902,13.2222222222222,16.3888888888889,8,5.6,0,2,353,0,202,20.2
"305",7,0.740196078431373,3.77777777777778,11.3333333333333,9.6,3.4,0,1,335,0,152,15.2
"306",1,0.416666666666667,-0.666666666666666,5.94444444444445,10,3.6,0,1,269,3,142,17.2
"307",2,0.779411764705882,0.88888888888889,6.38888888888889,9.9,5.2,0,2,343,0,160,16
"308",3,0.642156862745098,-2.61111111111111,5.72222222222222,10,5.8,0,2,315,1,157,16.7
"309",4,0.651960784313726,0.0555555555555564,8.22222222222222,10,1.8,0,1,317,1,169,17.9
"310",5,0.818627450980392,9.22222222222222,15.3333333333333,9.9,4.1,0,2,351,0,187,18.7
"311",6,0.808823529411765,-0.666666666666666,8.16666666666667,9.4,7.7,0,3,349,1,155,16.5
"312",7,0.593137254901961,-3.66666666666667,5.05555555555556,10,3.3,0,1,305,2,165,18.5
"313",1,0.436274509803922,1.66666666666667,9.16666666666667,10,2.9,0,1,273,0,107,10.7
"314",2,0.637254901960784,4.88888888888889,9.88888888888889,9.7,5.1,0,2,314,2,149,16.9
"315",3,0.764705882352941,-8.27777777777778,2.61111111111111,10,7.5,0,3,340,1,128,13.8
"316",4,0.901960784313726,-8.22222222222222,2.33333333333333,10,4.2,0,2,368,0,188,18.8
"317",5,0.161764705882353,-5.22222222222222,7.88888888888889,10,3,0,1,217,0,119,11.9
"318",6,0.377450980392157,0.333333333333334,7.44444444444444,9,5.7,0,2,261,0,119,11.9
"319",7,0.392156862745098,-6.83333333333333,2.61111111111111,10,8.4,0,3,264,1,124,13.4
"320",1,0.426470588235294,-3.66666666666667,2.33333333333333,9,2.2,0,1,271,0,120,12
"321",2,0.681372549019608,-2.94444444444445,4.05555555555555,10,4.9,0,2,323,2,148,16.8
"322",3,0.480392156862745,-5.16666666666667,2.05555555555556,10,4.3,0,2,282,1,116,12.6
"323",4,0.401960784313726,-3.38888888888889,6.27777777777778,10,4,0,2,266,0,118,11.8
"324",5,0.661764705882353,4.38888888888889,10.9444444444444,9.7,4.2,0,2,319,0,171,17.1
"325",6,0.779411764705882,-3.33333333333333,7.88888888888889,10,7.5,0,3,343,2,149,16.9
"326",7,0.46078431372549,-4.44444444444444,5.27777777777778,10,3,0,1,278,1,114,12.4
"327",1,0.348039215686274,-5.11111111111111,6.27777777777778,10,1.9,0,1,255,0,144,14.4
"328",2,0.78921568627451,7,10.8888888888889,6.8,4.1,0,2,345,0,177,17.7
"329",3,0.67156862745098,-4.94444444444444,5.38888888888889,9.4,6.1,0,2,321,1,153,16.3
"330",4,0.504901960784314,-3.44444444444444,3.66666666666667,10,4,0,2,287,0,127,12.7
"331",5,0.485294117647059,-5.66666666666667,1.55555555555555,9.4,5.1,0,2,283,0,144,14.4
"332",6,0.573529411764706,-3,6.16666666666667,10,3.1,0,1,301,0,141,14.1
"333",7,0.602941176470588,8.22222222222222,11.8333333333333,7.5,3.2,0,1,307,1,161,17.1
"334",1,0.401960784313726,-2.16666666666667,9.94444444444444,9.7,7.6,0,3,266,2,139,15.9
"335",2,0.57843137254902,-7.38888888888889,7.27777777777778,10,6.6,0,2,302,2,133,15.3
"336",3,0.676470588235294,-7.11111111111111,8.94444444444445,10,4.7,0,2,322,0,143,14.3
"337",4,0.495098039215686,-2.27777777777778,8,10,4.8,0,2,285,0,143,14.3
"338",5,0.651960784313726,6.55555555555555,13.7222222222222,10,6.5,0,2,317,3,181,21.1
"339",6,0.593137254901961,-1.5,14.4444444444444,10,6.5,0,2,305,2,149,16.9
"340",7,0.720588235294118,-1.38888888888889,6.72222222222222,8,3.9,0,1,331,0,151,15.1
"341",1,0.524509803921569,0,4.94444444444444,7.1,4.8,0,2,291,0,123,12.3
"342",2,0.529411764705882,-10.1111111111111,-0.88888888888889,10,4.5,0,2,292,1,132,14.2
"343",3,0.352941176470588,-6.5,2.38888888888889,10,4.2,0,2,256,1,94,10.4
"344",4,0.46078431372549,-1.27777777777778,5.11111111111111,8.7,5.4,0,2,278,0,117,11.7
"345",5,0.57843137254902,-10,0.722222222222221,10,5.5,0,2,302,0,153,15.3
"346",6,0.475490196078431,-3.72222222222222,1.55555555555555,8.6,3.4,30.48,1,281,3,131,16.1
"347",7,0.0245098039215686,2.55555555555556,4.72222222222222,5.6,3,30.48,1,189,0,112,11.2
"348",1,0.00980392156862745,0.944444444444446,8.22222222222222,9.7,7.6,0,3,186,1,84,9.4
"349",2,0.112745098039216,-5.27777777777778,3,10,4.9,0,2,207,0,89,8.9
"350",3,0.181372549019608,0.722222222222221,4.44444444444444,7.4,4.1,0,2,221,0,131,13.1
"351",4,0.0392156862745098,3,5.88888888888889,6.3,5,0,2,192,1,80,9
"352",5,0.191176470588235,5.38888888888889,7.22222222222222,4.7,2.8,0,1,223,0,117,11.7
"353",6,0.235294117647059,7.55555555555556,10.1111111111111,6.3,2,0,1,232,1,99,10.9
"354",7,0.556756756756757,9.72222222222222,11.2777777777778,6.5,1.9,0,1,283,0,140,14
"355",1,0.00540540540540541,10.3333333333333,11.7777777777778,5.8,4.1,0,2,181,2,77,9.7
"356",2,0.151351351351351,-8.66666666666667,0,10,8.5,0,3,208,0,80,8
"357",3,0.405405405405405,-12.9444444444444,-3.72222222222222,10,5.7,0,2,255,2,113,13.3
"358",4,0.681081081081081,-1.61111111111111,3.05555555555556,8.5,4.2,0,2,306,0,152,15.2
"359",5,0.286486486486487,-4.5,3.72222222222222,10,6.1,0,2,233,0,99,9.9
"360",6,0.627027027027027,-6.61111111111111,-0.499999999999999,6.1,6.9,149.86,2,296,0,100,10
"361",7,0.302702702702703,-13.8888888888889,-3.77777777777778,10,6.3,149.86,2,236,2,96,11.6
"362",1,0.291891891891892,-5.94444444444444,1.11111111111111,9.7,6.2,78.74,2,234,1,108,11.8
"363",2,0.459459459459459,-8,0.388888888888891,9.3,7.7,78.74,3,265,0,115,11.5
"364",3,0.416216216216216,-17.7222222222222,-6.88888888888889,9.7,7.2,0,3,257,0,110,11
"365",4,0.378378378378378,-12.5,-2.27777777777778,10,4.7,0,2,250,0,114,11.4
"366",5,0.475675675675676,-4.33333333333333,4.22222222222222,9.8,2.7,0,1,268,2,130,15
"367",6,0.589189189189189,-1.33333333333333,4.11111111111111,10,6.4,0,2,289,1,130,14
"368",7,0.302702702702703,-17.2222222222222,-7.66666666666667,10,6.3,0,2,236,1,92,10.2
"369",1,0.464864864864865,-15.2777777777778,-8.16666666666667,9.7,6.7,0,2,266,1,88,9.8
"370",2,0.124324324324324,0.333333333333334,3.05555555555556,6.1,9.6,0,3,203,1,71,8.1
"371",3,0.421621621621622,-8.94444444444445,0.833333333333333,10,8.9,0,3,258,0,86,8.6
"372",4,0.405405405405405,-6.77777777777778,3,10,4.7,0,2,255,0,96,9.6
"373",5,0.356756756756757,-3.33333333333333,3.77777777777778,7.7,6.3,0,2,246,0,117,11.7
"374",6,0.583783783783784,-17.6111111111111,-7.05555555555556,10,6.9,0,2,288,1,98,10.8
"375",7,0.47027027027027,-15.8888888888889,-6.38888888888889,10,5.2,0,2,267,0,110,11
"376",1,0.264864864864865,-13.4444444444444,-1.61111111111111,10,5.3,0,2,229,2,105,12.5
"377",2,0.313513513513514,-6.27777777777778,-0.833333333333333,8.1,3.4,0,1,238,3,96,12.6
"378",3,0.297297297297297,-4.27777777777778,2.94444444444444,9,4.9,0,2,235,2,109,12.9
"379",4,0.464864864864865,-15.5,-3.55555555555555,10,5.8,0,2,266,0,115,11.5
"380",5,0.497297297297297,-15.2222222222222,-4.5,10,4.2,0,2,272,0,128,12.8
"381",6,0.556756756756757,-7.88888888888889,-0.777777777777777,6.6,3.7,0,1,283,0,101,10.1
"382",7,0.518918918918919,-8.83333333333333,-5.61111111111111,2.1,9.7,200.66,3,276,0,62,6.2
"383",1,0.237837837837838,-18.3333333333333,-8.27777777777778,10,7.9,149.86,3,224,0,73,7.3
"384",2,0.713513513513514,-14.6666666666667,-3.88888888888889,10,3.5,180.34,1,312,0,90,9
"385",3,0.508108108108108,-10,-1.88888888888889,10,4.4,149.86,2,274,1,104,11.4
"386",4,0.475675675675676,-0.777777777777777,3.16666666666667,8.8,3.5,149.86,1,268,0,124,12.4
"387",5,0.367567567567568,5.61111111111111,6.88888888888889,4.5,3,99.06,1,248,0,103,10.3
"388",6,0.583783783783784,4.88888888888889,6.44444444444445,5.5,5.4,50.8,2,288,2,128,14.8
"389",7,0.621621621621622,-9.77777777777778,-3.94444444444445,9.7,7.2,0,3,295,1,132,14.2
"390",1,0.486486486486487,-13.7777777777778,-5.38888888888889,10,4.7,0,2,270,2,127,14.7
"391",2,0.518918918918919,-2.11111111111111,0.388888888888891,5.9,3.3,0,1,276,0,124,12.4
"392",3,0.535135135135135,-1.05555555555555,3.11111111111111,8.1,5.4,0,2,279,0,143,14.3
"393",4,0.497297297297297,-6.72222222222222,2.11111111111111,10,3.8,0,1,272,2,132,15.2
"394",5,0.659459459459459,-1.61111111111111,7.05555555555556,9.9,4.1,0,2,302,0,139,13.9
"395",6,0.751351351351351,-4.83333333333333,8.61111111111111,10,4.2,0,2,319,0,154,15.4
"396",7,0.308108108108108,-2.27777777777778,12.1666666666667,10,6.8,0,2,237,1,121,13.1
"397",1,0.264864864864865,-4,1.66666666666667,5.1,5.4,50.8,2,229,1,111,12.1
"398",2,0.675675675675676,-15.8333333333333,-5.66666666666667,10,7.9,30.48,3,305,0,111,11.1
"399",3,0.589189189189189,-17.6111111111111,-5.61111111111111,10,4.5,30.48,2,289,0,139,13.9
"400",4,0.52972972972973,-7.27777777777778,1.61111111111111,10,4.5,0,2,278,0,113,11.3
"401",5,0.47027027027027,5.38888888888889,13.1111111111111,10,6.6,0,2,267,2,127,14.7
"402",6,0.535135135135135,2.16666666666667,9.72222222222222,8.7,8.5,0,3,279,1,123,13.3
"403",7,0.308108108108108,-11.6111111111111,-0.333333333333334,10,5.6,0,2,237,1,110,12
"404",1,0.351351351351351,-15.7777777777778,-2.77777777777778,10,7.7,0,3,245,0,123,12.3
"405",2,0.0756756756756757,-6,4,10,4.9,0,2,194,2,85,10.5
"406",3,0.345945945945946,4.16666666666667,7.27777777777778,6.4,4.3,0,2,244,1,121,13.1
"407",4,0.394594594594595,9.44444444444444,16,10,6.6,0,2,253,0,113,11.3
"408",5,0.227027027027027,-10.7222222222222,0.499999999999999,10,7,0,3,222,2,86,10.6
"409",6,0.383783783783784,-3.77777777777778,0.666666666666668,6.6,7,0,3,251,2,86,10.6
"410",7,0.362162162162162,-11.0555555555556,-1.55555555555556,10,6.6,0,2,247,1,104,11.4
"411",1,0.345945945945946,-9.38888888888889,2.11111111111111,10,7.5,0,3,244,0,141,14.1
"412",2,0.52972972972973,-14.3333333333333,0.277777777777778,10,6.9,0,2,278,4,109,14.9
"413",3,0.367567567567568,-8.61111111111111,2.94444444444444,10,4.8,0,2,248,0,102,10.2
"414",4,0.356756756756757,-2,7.66666666666667,9.9,5,0,2,246,0,134,13.4
"415",5,0.745945945945946,-6,5.33333333333333,9.7,7.5,0,3,318,0,137,13.7
"416",6,0.8,-16.3333333333333,-2.38888888888889,10,5.7,0,2,328,4,132,17.2
"417",7,0.427027027027027,-9.55555555555556,3.22222222222222,10,2.9,0,1,259,2,114,13.4
"418",1,0.308108108108108,5.94444444444445,10.9444444444444,8.5,4.5,0,2,237,0,119,11.9
"419",2,0.805405405405405,11.2222222222222,19.5555555555556,9.8,5.3,0,2,329,1,152,16.2
"420",3,0.427027027027027,-4.38888888888889,8.55555555555556,10,9.6,0,3,259,1,123,13.3
"421",4,0.572972972972973,-3.55555555555555,3.16666666666667,6.6,4.8,0,2,286,0,125,12.5
"422",5,0.475675675675676,-1,3.94444444444445,8.5,2.3,0,1,268,0,137,13.7
"423",6,0.805405405405405,-3.61111111111111,7.44444444444444,10,3.1,0,1,329,1,151,16.1
"424",7,0.394594594594595,1.33333333333333,4.33333333333333,7,7.1,0,3,253,0,110,11
"425",1,0.508108108108108,-13.7222222222222,-2.94444444444445,9.4,9.2,0,3,274,1,123,13.3
"426",2,0.708108108108108,-6.16666666666667,5.55555555555556,10,4.7,0,2,311,1,172,18.2
"427",3,0.621621621621622,-0.833333333333333,12,10,4.7,0,2,295,1,143,15.3
"428",4,0.708108108108108,3,14.1666666666667,10,3.7,0,1,311,0,150,15
"429",5,0.535135135135135,7.33333333333333,9.38888888888889,4.1,5.7,0,2,279,0,142,14.2
"430",7,0.578378378378378,10.1666666666667,13.9444444444444,7,3.2,0,1,287,1,154,16.4
"431",1,0.427027027027027,5.77777777777778,13.8888888888889,9.8,5,0,2,259,0,153,15.3
"432",2,0.605405405405405,-3.66666666666667,10.7222222222222,9.6,8.6,0,3,292,0,171,17.1
"433",3,0.594594594594595,-9.72222222222222,10.8888888888889,10,6.1,0,2,290,0,118,11.8
"434",4,0.491891891891892,-8.44444444444444,7.05555555555556,10,5.7,0,2,271,0,124,12.4
"435",5,0.464864864864865,3.77777777777778,5.66666666666667,5.4,10.1,0,3,266,1,133,14.3
"436",6,0.686486486486486,4.05555555555555,9.72222222222222,8.7,4,0,2,307,1,132,14.2
"437",7,0.583783783783784,0.277777777777778,10,9.9,4.7,0,2,288,0,129,12.9
"438",1,0.47027027027027,-4.22222222222222,5.27777777777778,10,8,0,3,267,0,119,11.9
"439",2,0.643243243243243,-16.2222222222222,-2.27777777777778,10,10.6,0,3,299,1,136,14.6
"440",3,0.497297297297297,-14.1666666666667,-1.61111111111111,10,10.4,0,3,272,0,135,13.5
"441",4,0.567567567567568,-12.8333333333333,2.38888888888889,10,4.5,0,2,285,0,116,11.6
"442",5,0.545945945945946,6.83333333333333,11.7222222222222,8.1,3.9,0,1,281,0,128,12.8
"443",6,0.594594594594595,6.33333333333333,13.1666666666667,9.6,7.1,0,3,290,1,152,16.2
"444",7,0.524324324324324,-6.33333333333333,7,10,6.8,0,2,277,0,132,13.2
"445",1,0.421621621621622,1.83333333333333,7.33333333333333,9.5,2.4,0,1,258,0,118,11.8
"446",2,0.589189189189189,-2.44444444444444,7.61111111111111,10,6.6,0,2,289,0,121,12.1
"447",3,0.389189189189189,-2.05555555555556,9.94444444444444,10,2.2,0,1,252,0,106,10.6
"448",4,0.394594594594595,6.77777777777778,8.83333333333333,7.3,9.5,0,3,253,0,116,11.6
"449",5,0.551351351351351,7.11111111111111,9.33333333333333,7.3,6.3,0,2,282,1,132,14.2
"450",6,0.881081081081081,5,12.9444444444444,7.9,5.9,0,2,343,1,174,18.4
"451",7,0.610810810810811,2.61111111111111,11.1111111111111,9.8,4.9,0,2,293,0,153,15.3
"452",1,0.567567567567568,-1.72222222222222,8.38888888888889,10,6.6,0,2,285,0,151,15.1
"453",2,0.556756756756757,-3.66666666666667,8.88888888888889,10,5.9,0,2,283,0,121,12.1
"454",3,0.713513513513514,4.44444444444444,14.5,10,3.8,0,1,312,0,166,16.6
"455",4,0.627027027027027,6.94444444444444,17.1111111111111,10,3.5,0,1,296,0,165,16.5
"456",5,0.816216216216216,11.8333333333333,19.4444444444444,9.7,3.4,0,1,331,0,168,16.8
"457",6,0.605405405405405,-2.94444444444445,15.6111111111111,10,5,0,2,292,0,161,16.1
"458",7,0.551351351351351,0.944444444444446,15.9444444444444,10,5.7,0,2,282,0,146,14.6
"459",1,0.32972972972973,-2.38888888888889,7.61111111111111,9.6,6.7,0,2,241,0,134,13.4
"460",2,0.318918918918919,-4.94444444444444,7.44444444444444,10,3.6,0,1,239,0,100,10
"461",3,0.410810810810811,1.16666666666667,6.94444444444444,7.3,9.4,0,3,256,0,103,10.3
"462",4,0.551351351351351,-4.77777777777778,9.5,10,6.9,0,2,282,0,152,15.2
"463",5,0.308108108108108,2.5,10.7777777777778,10,4.7,0,2,237,1,109,11.9
"464",6,0.518918918918919,1.05555555555555,15.6111111111111,10,5.2,0,2,276,1,131,14.1
"465",7,0.562162162162162,-1.33333333333333,14.0555555555556,9.7,4.8,0,2,284,1,126,13.6
"466",1,0.486486486486487,1.61111111111111,13.5,10,4.8,0,2,270,0,144,14.4
"467",2,0.4,-0.111111111111111,11.0555555555556,10,4.1,0,2,254,0,122,12.2
"468",3,0.345945945945946,7.38888888888889,12.3888888888889,9.2,3.7,0,1,244,0,116,11.6
"469",4,0.724324324324324,0.833333333333333,11.3888888888889,9.8,7,0,3,314,0,137,13.7
"470",5,0.908108108108108,-9,8.22222222222222,10,10.1,0,3,348,1,159,16.9
"471",7,0.762162162162162,-8.83333333333333,12.7222222222222,10,3.4,0,1,321,1,157,16.7
"472",1,0.52972972972973,-1.44444444444445,14.2222222222222,10,2.1,0,1,278,0,145,14.5
"473",2,0.551351351351351,8.94444444444445,12.2777777777778,6.6,4.1,0,2,282,1,146,15.6
"474",3,0.551351351351351,8.55555555555556,13.1666666666667,9.9,4.8,0,2,282,3,137,16.7
"475",4,0.383783783783784,9.83333333333334,12.6111111111111,7.4,2.8,0,1,251,1,101,11.1
"476",5,0.924324324324324,8.33333333333333,17.4444444444444,10,3.7,0,1,351,1,152,16.2
"477",6,1,9.83333333333334,14.3333333333333,7.2,2.2,0,1,365,3,194,22.4
"478",7,0.610810810810811,8.22222222222222,9.27777777777778,5.1,9,0,3,293,1,116,12.6
"479",1,0.432432432432432,0,10.2222222222222,10,9.6,0,3,260,2,114,13.4
"480",2,0.621621621621622,-5.22222222222222,13.6666666666667,10,9.5,0,3,295,1,145,15.5
"481",3,0.627027027027027,-6.66666666666667,16.0555555555556,10,9.3,0,3,296,1,142,15.2
"482",4,0.648648648648649,0.722222222222221,16.8333333333333,10,6.2,0,2,300,0,137,13.7
"483",5,0.691891891891892,12,18,10,4,0,2,308,0,153,15.3
"484",6,0.821621621621622,15.2777777777778,17.3333333333333,7.4,4,0,2,332,1,172,18.2
"485",7,0.524324324324324,16.6666666666667,18.0555555555556,6.1,1.7,0,1,277,1,136,14.6
"486",1,0.681081081081081,16.4444444444444,18.4444444444444,6.2,2.4,0,1,306,0,189,18.9
"487",2,0.637837837837838,16.8888888888889,20.7222222222222,9.5,3.1,0,1,298,1,143,15.3
"488",3,0.72972972972973,8.33333333333333,19,10,6.2,0,2,315,0,181,18.1
"489",4,0.843243243243243,3.77777777777778,17.3333333333333,10,4.5,0,2,336,1,185,19.5
"490",5,0.762162162162162,11.3888888888889,15.3333333333333,6.8,2.3,0,1,321,0,150,15
"491",6,0.772972972972973,13.5555555555556,16.1666666666667,5.3,3.4,0,1,323,0,162,16.2
"492",7,0.913513513513514,17.8333333333333,21.8888888888889,4.3,1.6,0,1,349,2,160,18
"493",1,0.751351351351351,18.9444444444444,27.1111111111111,9.7,3,0,1,319,1,158,16.8
"494",2,0.832432432432432,9.22222222222222,20.7222222222222,10,5.8,0,2,334,0,162,16.2
"495",3,0.52972972972973,8.83333333333333,17.5,10,4.6,0,2,278,1,145,15.5
"496",4,0.67027027027027,7.66666666666667,15.8333333333333,9.9,2.5,0,1,304,0,164,16.4
"497",5,0.697297297297297,9.44444444444444,16.1111111111111,10,2.6,0,1,309,3,136,16.6
"498",6,0.724324324324324,17.1111111111111,20.5,8.6,2.7,0,1,314,0,146,14.6
"499",7,0.610810810810811,17.2777777777778,19.6666666666667,8.6,3,0,1,293,1,151,16.1
"500",1,0.551351351351351,12.7222222222222,20.1666666666667,10,1.5,0,1,282,0,157,15.7
"501",2,0.405405405405405,14.7777777777778,22.7777777777778,10,2.4,0,1,255,1,165,17.5
"502",3,0.940540540540541,16.7222222222222,28.1666666666667,10,3.2,0,1,354,0,163,16.3
"503",4,0.713513513513514,13.6111111111111,18.5,9.3,6,0,2,312,3,148,17.8
"504",5,0.735135135135135,17.1666666666667,19.3888888888889,5.9,2.2,0,1,316,1,144,15.4
"505",6,0.751351351351351,17.1666666666667,19.8333333333333,5.2,3.6,0,1,319,0,155,15.5
"506",7,0.648648648648649,10.1666666666667,21.5,10,1.7,0,1,300,2,177,19.7
"507",1,0.643243243243243,4.61111111111111,20,10,3.4,0,1,299,1,148,15.8
"508",2,0.708108108108108,6.38888888888889,21.2222222222222,10,2.8,0,1,311,0,171,17.1
"509",3,0.686486486486486,11.7777777777778,20.8333333333333,10,5,0,2,307,0,155,15.5
"510",4,0.708108108108108,15.8888888888889,22.6666666666667,8.7,4.3,0,2,311,0,156,15.6
"511",5,0.740540540540541,17,23.2222222222222,7.9,5.7,0,2,317,0,165,16.5
"512",7,0.681081081081081,11.3888888888889,21.5555555555556,10,2.4,0,1,306,1,193,20.3
"513",2,0.751351351351351,18.2777777777778,24,9.1,1.9,0,1,319,0,166,16.6
"514",3,0.724324324324324,10.7777777777778,23.8333333333333,10,3.6,0,1,314,0,151,15.1
"515",5,0.659459459459459,15.5,19.4444444444444,9.3,2.9,0,1,302,1,125,13.5
"516",7,0.740540540540541,8.94444444444445,20.7222222222222,10,7.4,0,3,317,1,208,21.8
"517",1,0.675675675675676,3.72222222222222,17.1111111111111,10,6.2,0,2,305,0,200,20
"518",2,0.545945945945946,4.72222222222222,19.6666666666667,10,3.3,0,1,281,2,152,17.2
"519",3,0.740540540540541,9.72222222222222,21.3333333333333,9,2,0,1,317,2,133,15.3
"520",5,0.637837837837838,14.9444444444444,19,9.1,3.6,0,1,298,1,158,16.8
"521",2,0.664864864864865,18.3333333333333,23.2777777777778,7.9,3.2,0,1,303,0,150,15
"522",3,0.621621621621622,11.6666666666667,21.8888888888889,10,2.5,0,1,295,1,179,18.9
"523",4,0.67027027027027,13.0555555555556,23.1111111111111,10,1.5,0,1,304,1,177,18.7
"524",5,0.767567567567568,14.1111111111111,24.7777777777778,10,2.7,0,1,322,1,176,18.6
"525",6,0.735135135135135,18.1666666666667,26.8888888888889,8.5,2.7,0,1,316,2,167,18.7
"526",7,0.518918918918919,19.8333333333333,27.2222222222222,9.7,3.1,0,1,276,1,149,15.9
"527",1,0.378378378378378,14.2777777777778,27,10,3.1,0,1,250,1,118,12.8
"528",2,0.405405405405405,8.11111111111111,24.7222222222222,10,2.7,0,1,255,2,157,17.7
"529",3,0.551351351351351,14.3333333333333,24.9444444444444,8.7,3.3,0,1,282,0,153,15.3
"530",4,0.594594594594595,19,24.8888888888889,8.3,4.2,0,2,290,0,167,16.7
"531",5,0.567567567567568,16.2222222222222,25,10,4.8,0,2,285,3,169,19.9
"532",6,0.621621621621622,18.6111111111111,22.7777777777778,8.6,1.6,0,1,295,0,172,17.2
"533",7,0.427027027027027,16.0555555555556,24.6666666666667,9.6,2.7,0,1,259,2,119,13.9
"534",1,0.378378378378378,11.3333333333333,23.1666666666667,10,4,0,2,250,4,115,15.5
"535",2,0.52972972972973,13.6111111111111,23.2777777777778,9.6,4.1,0,2,278,1,174,18.4
"536",3,0.47027027027027,17.5,25.5555555555556,10,5.2,0,2,267,0,159,15.9
"537",4,0.686486486486486,16.7777777777778,28.0555555555556,10,2.9,0,1,307,1,200,21
"538",5,0.481081081081081,16.9444444444444,26.9444444444444,10,3.1,0,1,269,1,138,14.8
"539",6,0.713513513513514,13.7222222222222,26.0555555555556,10,3.9,0,1,312,1,184,19.4
"540",7,0.518918918918919,19.0555555555556,24.1666666666667,8.9,2.7,0,1,276,0,168,16.8
"541",1,0.545945945945946,19.7222222222222,24.6666666666667,9.9,2.2,0,1,281,5,168,21.8
"542",2,0.659459459459459,22.3333333333333,25.0555555555556,6.4,1.6,0,1,302,1,145,15.5
"543",3,0.6,19.5,26.8333333333333,9.9,4.6,0,2,291,3,175,20.5
"544",4,0.594594594594595,19.0555555555556,29.6666666666667,10,3.5,0,1,290,3,163,19.3
"545",5,0.621621621621622,21.5555555555556,28.6666666666667,9.3,3.5,0,1,295,0,218,21.8
"546",6,0.827027027027027,17.3333333333333,29.6111111111111,10,2.9,0,1,333,1,163,17.3
"547",7,0.675675675675676,17.6111111111111,29.2222222222222,10,2,0,1,305,0,164,16.4
"548",1,0.459459459459459,18.1111111111111,30,10,3.8,0,1,265,2,151,17.1
"549",2,0.535135135135135,22.0555555555556,28.2777777777778,9.4,3.8,0,1,279,0,142,14.2
"550",3,0.518918918918919,16.0555555555556,25.0555555555556,10,3.9,0,1,276,2,141,16.1
"551",4,0.572972972972973,14.7222222222222,24.8333333333333,10,1.8,0,1,286,1,134,14.4
"552",5,0.632432432432432,21.3333333333333,26.5555555555556,9.8,2.4,0,1,297,0,161,16.1
"553",6,0.702702702702703,18.9444444444444,26.9444444444444,10,3.4,0,1,310,1,137,14.7
"554",7,0.681081081081081,15.4444444444444,26,9.8,4.1,0,2,306,0,141,14.1
"555",1,0.578378378378378,14.6111111111111,25.7777777777778,10,1.5,0,1,287,1,163,17.3
"556",2,0.616216216216216,19.3888888888889,22.2777777777778,6.2,2.7,0,1,294,0,138,13.8
"557",3,0.610810810810811,19.4444444444444,25.8333333333333,9.9,3,0,1,293,0,162,16.2
"558",4,0.778378378378378,17.0555555555556,27.2222222222222,10,2.8,0,1,324,2,192,21.2
"559",5,0.643243243243243,19.8888888888889,28.1111111111111,10,2.7,0,1,299,2,171,19.1
"560",6,0.772972972972973,19.7222222222222,28.1666666666667,10,2.8,0,1,323,0,177,17.7
"561",7,0.718918918918919,20,28.4444444444444,10,3.5,0,1,313,1,167,17.7
"562",1,0.47027027027027,21.8888888888889,28.7777777777778,10,4.3,0,2,267,0,120,12
"563",2,0.745945945945946,21.7777777777778,29.4444444444444,10,5.1,0,2,318,1,178,18.8
"564",3,0.556756756756757,22,30.6111111111111,10,4.8,0,2,283,0,156,15.6
"565",4,0.443243243243243,18.3888888888889,27.1111111111111,10,3.2,0,1,262,1,150,16
"566",5,0.578378378378378,18,26.3888888888889,9.1,1.6,0,1,287,1,152,16.2
"567",6,0.924324324324324,11.3888888888889,25.6666666666667,10,4.7,0,2,351,1,194,20.4
"568",7,0.686486486486486,8.16666666666667,22.7222222222222,10,3.7,0,1,307,0,166,16.6
"569",1,0.675675675675676,10.7222222222222,23.0555555555556,10,2.4,0,1,305,2,164,18.4
"570",2,0.32972972972973,12.3888888888889,23.5555555555556,10,1.9,0,1,241,0,137,13.7
"571",3,0.6,12.8888888888889,23.2222222222222,10,4.9,0,2,291,0,161,16.1
"572",4,0.437837837837838,13.5555555555556,23,10,2.1,0,1,261,0,169,16.9
"573",5,0.556756756756757,13.2777777777778,22.7222222222222,9.6,3.1,0,1,283,0,161,16.1
"574",6,0.572972972972973,14,25.3888888888889,10,2.8,0,1,286,2,183,20.3
"575",7,0.697297297297297,17.2777777777778,27.0555555555556,10,2.9,0,1,309,2,159,17.9
"576",1,0.497297297297297,18.5,24.8333333333333,10,1.9,0,1,272,0,145,14.5
"577",2,0.372972972972973,20.7222222222222,24,9.5,2.8,0,1,249,1,119,12.9
"578",3,0.502702702702703,20.2222222222222,24.9444444444444,6.5,1.8,0,1,273,1,146,15.6
"579",4,0.275675675675676,15.9444444444444,26.1111111111111,10,3.6,0,1,231,2,92,11.2
"580",5,0.524324324324324,14.3333333333333,27.2222222222222,10,1.8,0,1,277,2,161,18.1
"581",6,0.632432432432432,18.7777777777778,26.5555555555556,9.1,2.5,0,1,297,1,147,15.7
"582",7,0.681081081081081,17.3333333333333,27.3888888888889,10,3.3,0,1,306,1,159,16.9
"583",1,0.562162162162162,19.5,24.7777777777778,9.7,4.5,0,2,284,0,170,17
"584",2,0.427027027027027,20.5555555555556,25.6666666666667,10,2.7,0,1,259,2,145,16.5
"585",3,0.556756756756757,20.8333333333333,26.4444444444444,10,3.6,0,1,283,1,165,17.5
"586",4,0.610810810810811,16.3888888888889,24.5,9.3,4.6,0,2,293,0,175,17.5
"587",5,0.659459459459459,9.66666666666667,24.9444444444444,10,2.8,0,1,302,1,142,15.2
"588",6,0.589189189189189,10.1111111111111,21.6111111111111,10,4.2,0,2,289,1,157,16.7
"589",7,0.637837837837838,15.3333333333333,22.1666666666667,10,1.8,0,1,298,0,186,18.6
"590",1,0.378378378378378,18.1111111111111,25.1666666666667,10,2.3,0,1,250,2,141,16.1
"591",2,0.4,19.8333333333333,25.7777777777778,9.5,1.5,0,1,254,1,131,14.1
"592",3,0.859459459459459,20.5,21.9444444444444,5.2,1.9,0,1,339,0,186,18.6
"593",4,0.437837837837838,17.2777777777778,20,8.5,6.1,0,2,261,0,113,11.3
"594",5,0.654054054054054,14.0555555555556,21.2222222222222,10,4.6,0,2,301,0,154,15.4
"595",6,0.994594594594595,12.1111111111111,21.2777777777778,10,2.7,0,1,364,1,180,19
"596",7,0.497297297297297,13.0555555555556,22.7777777777778,10,2,0,1,272,1,153,16.3
"597",1,0.432432432432432,17.2222222222222,22.1666666666667,9.2,2,0,1,260,0,154,15.4
"598",2,0.724324324324324,19.4444444444444,22.2222222222222,6.1,1.7,0,1,314,0,144,14.4
"599",3,0.783783783783784,20.3888888888889,23.8888888888889,7,2.1,0,1,325,0,144,14.4
"600",4,0.691891891891892,12.1111111111111,21.9444444444444,10,5.2,0,2,308,0,174,17.4
"601",5,0.810810810810811,9.61111111111111,21.1111111111111,10,4.8,0,2,330,0,158,15.8
"602",6,0.913513513513514,6.05555555555556,18.6666666666667,10,1.7,0,1,349,1,188,19.8
"603",7,0.443243243243243,11.7222222222222,20.3888888888889,10,4.3,0,2,262,0,146,14.6
"604",1,0.621621621621622,15.7777777777778,23,10,4.1,0,2,295,0,155,15.5
"605",2,0.610810810810811,15.7777777777778,24.2777777777778,9.4,3.8,0,1,293,0,132,13.2
"606",3,0.583783783783784,15.6666666666667,22.1111111111111,10,3.7,0,1,288,0,131,13.1
"607",4,0.837837837837838,13.7777777777778,21.3333333333333,10,2.2,0,1,335,1,169,17.9
"608",5,0.535135135135135,15.1666666666667,20.8888888888889,8.8,5.9,0,2,279,0,129,12.9
"609",6,0.767567567567568,3.22222222222222,14,10,8.3,0,3,322,2,169,18.9
"610",7,0.578378378378378,3.27777777777778,14,10,4.7,0,2,287,1,123,13.3
"611",1,0.562162162162162,10.2777777777778,18,10,2.7,0,1,284,3,156,18.6
"612",2,0.432432432432432,12.2777777777778,18.1666666666667,9.2,5.3,0,2,260,1,142,15.2
"613",3,0.259459459459459,7.66666666666667,18.2222222222222,10,3.9,0,1,228,0,106,10.6
"614",4,0.562162162162162,7.72222222222222,16.2222222222222,10,3.4,0,1,284,0,150,15
"615",5,0.724324324324324,7.44444444444444,15.9444444444444,10,4.9,0,2,314,0,180,18
"616",6,0.8,5.94444444444445,14.2222222222222,10,5.8,0,2,328,0,163,16.3
"617",7,0.794594594594595,11.1111111111111,13.8888888888889,8.2,8.2,0,3,327,1,169,17.9
"618",1,0.356756756756757,8.22222222222222,14.6666666666667,9.9,10.1,0,3,246,1,121,13.1
"619",2,0.778378378378378,3.16666666666667,10.4444444444444,9.4,10.2,0,3,324,0,130,13
"620",3,0.481081081081081,8.44444444444445,9.88888888888889,6.3,8.1,0,3,269,1,139,14.9
"621",4,0.345945945945946,11.8888888888889,13.3888888888889,7.4,5.4,0,2,244,0,154,15.4
"622",5,0.843243243243243,9.55555555555556,16.4444444444444,10,2.5,0,1,336,2,195,21.5
"623",6,0.767567567567568,10.4444444444444,19.5,10,3.4,0,1,322,0,165,16.5
"624",7,0.675675675675676,3.72222222222222,12.9444444444444,10,4.8,0,2,305,1,170,18
"625",1,0.340540540540541,2.27777777777778,11.3888888888889,10,2.8,0,1,243,0,102,10.2
"626",2,0.194594594594595,3.55555555555555,14.8333333333333,10,2.2,0,1,216,1,105,11.5
"627",3,0.52972972972973,6.66666666666667,15.5,10,2.9,0,1,278,0,137,13.7
"628",4,0.724324324324324,7.83333333333333,17.0555555555556,10,2.8,0,1,314,2,155,17.5
"629",5,0.664864864864865,14.6111111111111,18.3888888888889,9.4,3.1,0,1,303,1,162,17.2
"630",6,0.902702702702703,9.16666666666667,14.7777777777778,7.6,3.8,0,1,347,5,200,25
"631",7,0.508108108108108,7.33333333333333,14.9444444444444,10,2,0,1,274,0,140,14
"632",1,0.367567567567568,7.5,15.1111111111111,10,2.5,0,1,248,1,132,14.2
"633",2,0.443243243243243,9.16666666666667,15.5555555555556,9.8,3.1,0,1,262,1,139,14.9
"634",3,0.372972972972973,2.88888888888889,11.4444444444444,8.9,4.5,0,2,249,1,127,13.7
"635",4,0.572972972972973,-0.111111111111111,8.77777777777778,10,4.9,0,2,286,3,159,18.9
"636",5,0.637837837837838,0.111111111111113,10.2777777777778,10,5,0,2,298,0,145,14.5
"637",6,0.837837837837838,1.27777777777778,12.1111111111111,10,2.3,0,1,335,2,152,17.2
"638",7,0.789189189189189,4.44444444444444,13.9444444444444,10,2.4,0,1,326,1,156,16.6
"639",1,0.324324324324324,8.16666666666667,14.1666666666667,10,4.8,0,2,240,1,103,11.3
"640",2,0.621621621621622,11.5555555555556,14,6,6.9,0,2,295,0,169,16.9
"641",3,0.621621621621622,16.7777777777778,17.7777777777778,2.9,3.3,0,1,295,0,164,16.4
"642",4,0.459459459459459,17.1111111111111,19.1111111111111,5.1,2.2,0,1,265,0,128,12.8
"643",5,0.72972972972973,7.22222222222222,16,10,4.8,0,2,315,1,155,16.5
"644",6,0.654054054054054,0.833333333333333,10.7222222222222,10,5.8,0,2,301,0,157,15.7
"645",7,0.686486486486486,2.5,10.1666666666667,10,3.4,0,1,307,0,133,13.3
"646",1,0.594594594594595,2.55555555555556,11.3888888888889,10,0.9,0,0,290,0,134,13.4
"647",2,0.562162162162162,9.22222222222222,14,9.7,0.7,0,0,284,0,134,13.4
"648",3,0.52972972972973,13.8888888888889,16.6111111111111,6.8,2.4,0,1,278,1,149,15.9
"649",4,0.767567567567568,9.05555555555555,16.5555555555556,10,2.7,0,1,322,2,198,21.8
"650",5,0.745945945945946,7.11111111111111,15,9.9,1.5,0,1,318,0,174,17.4
"651",6,0.572972972972973,11.6111111111111,15.4444444444444,8.5,1.7,0,1,286,1,160,17
"652",7,0.616216216216216,15.3888888888889,20,10,2.7,0,1,294,1,176,18.6
"653",1,0.281081081081081,16.4444444444444,20.8888888888889,10,3.8,0,1,232,0,141,14.1
"654",2,0.535135135135135,11.3888888888889,21.8333333333333,10,4.8,0,2,279,2,167,18.7
"655",3,0.27027027027027,-3.94444444444445,12.2777777777778,10,5.6,0,2,230,0,116,11.6
"656",4,0.427027027027027,-4,8.33333333333333,10,5.1,0,2,259,4,126,16.6
"657",5,0.464864864864865,6.38888888888889,12.5555555555556,10,2.8,0,1,266,0,142,14.2
"658",6,0.702702702702703,14.1666666666667,17,7.6,2.1,0,1,310,1,148,15.8
"659",7,0.481081081081081,14.7777777777778,19.5555555555556,8,4.6,0,2,269,1,151,16.1
"660",1,0.308108108108108,5.66666666666667,11.9444444444444,9.9,4.3,0,2,237,0,117,11.7
"661",2,0.448648648648649,-4.22222222222222,5.27777777777778,10,5.8,0,2,263,1,120,13
"662",3,0.632432432432432,-4.05555555555556,4.5,9.8,5,0,2,297,1,143,15.3
"663",4,0.664864864864865,3.05555555555556,6.44444444444445,6.9,7.2,0,3,303,0,147,14.7
"664",5,0.594594594594595,-3.72222222222222,4.94444444444444,10,6.8,0,2,290,0,122,12.2
"665",6,0.562162162162162,-6.27777777777778,3.77777777777778,10,4.4,0,2,284,0,139,13.9
"666",7,0.745945945945946,-7.77777777777778,2.22222222222222,10,6.2,0,2,318,0,157,15.7
"667",1,0.362162162162162,-11.1111111111111,1.88888888888889,10,7.2,0,3,247,1,105,11.5
"668",2,0.675675675675676,-12.3333333333333,0.555555555555556,10,5.6,0,2,305,1,151,16.1
"669",3,0.675675675675676,-5.83333333333333,5.94444444444445,10,5,0,2,305,0,127,12.7
"670",4,0.632432432432432,-5.55555555555556,9,10,3.5,0,1,297,0,166,16.6
"671",5,0.0594594594594595,-0.666666666666666,7.94444444444444,10,3.8,0,1,191,1,81,9.1
"672",6,0.281081081081081,4.61111111111111,10.0555555555556,8.8,5.5,0,2,232,1,116,12.6
"673",7,0.362162162162162,-3.61111111111111,9.11111111111111,10,7,0,3,247,2,155,17.5
"674",1,0.308108108108108,1.72222222222222,10.7777777777778,8,4.5,0,2,237,1,121,13.1
"675",2,0.389189189189189,5.77777777777778,11.6111111111111,9.4,6.8,0,2,252,2,129,14.9
"676",3,0.324324324324324,-2.33333333333333,4.77777777777778,10,2.8,0,1,240,4,109,14.9
"677",4,0.535135135135135,5,8.83333333333333,8.6,4.4,0,2,279,0,144,14.4
"678",5,0.6,-6.55555555555556,4.77777777777778,10,8.4,0,3,291,1,138,14.8
"679",6,0.637837837837838,-6.27777777777778,3.11111111111111,9.9,3.5,0,1,298,1,149,15.9
"680",7,0.535135135135135,6.77777777777778,11.1666666666667,8.2,4.7,0,2,279,0,130,13
"681",1,0.394594594594595,-5.11111111111111,6.11111111111111,10,5.3,0,2,253,2,124,14.4
"682",2,0.481081081081081,-6.05555555555556,5,10,3,0,1,269,3,125,15.5
"683",3,0.72972972972973,6.27777777777778,9.55555555555556,7.8,3.7,0,1,315,0,176,17.6
"684",4,0.637837837837838,12.9444444444444,13.9444444444444,3.7,3.1,0,1,298,1,168,17.8
"685",5,0.572972972972973,5.22222222222222,11.0555555555556,9.5,4.1,0,2,286,2,127,14.7
"686",6,0.67027027027027,-3.61111111111111,4.88888888888889,10,5.4,0,2,304,1,168,17.8
"687",7,0.394594594594595,-7.27777777777778,2.22222222222222,10,6.4,0,2,253,0,153,15.3
"688",1,0.275675675675676,-0.499999999999999,3.22222222222222,9.1,7.3,0,3,231,0,129,12.9
"689",2,0.540540540540541,-2,1.11111111111111,7.6,5.8,0,2,280,0,141,14.1
"690",3,0.654054054054054,-7.66666666666667,-0.611111111111112,10,3.6,0,1,301,0,148,14.8
"691",4,0.427027027027027,-8.38888888888889,0.999999999999998,10,5.6,0,2,259,0,118,11.8
"692",5,0.832432432432432,-2.38888888888889,2.55555555555556,9.3,7,0,3,334,1,189,19.9
"693",7,0.52972972972973,-1.22222222222222,4.55555555555556,9.8,7.2,0,3,278,0,135,13.5
"694",1,0.324324324324324,-6.33333333333333,2.55555555555556,10,6.3,0,2,240,1,120,13
"695",2,0.524324324324324,-7.22222222222222,1.05555555555555,10,6.6,0,2,277,1,144,15.4
"696",3,0.454054054054054,-7.38888888888889,1.33333333333333,10,5.5,0,2,264,0,135,13.5
"697",4,0.475675675675676,-6.83333333333333,0.499999999999999,10,1.6,0,1,268,0,138,13.8
"698",5,0.583783783783784,-0.777777777777777,3.83333333333333,9.3,5.6,0,2,288,1,160,17
"699",6,0.708108108108108,3.61111111111111,6.33333333333333,6.5,9,0,3,311,0,169,16.9
"700",7,0.47027027027027,-21.1111111111111,-12.0555555555556,10,10.2,0,3,267,0,112,11.2
"701",1,0,-16.1111111111111,-7.05555555555556,10,7.5,0,3,180,0,70,7
"702",2,0.0486486486486487,-14.3888888888889,-5.05555555555556,10,6.7,0,2,189,1,91,10.1
"703",3,0.172972972972973,-11.5,-0.833333333333333,10,4.8,0,2,212,0,89,8.9
"704",4,0.221621621621622,-6.22222222222222,3.5,10,4.4,0,2,221,4,118,15.8
"705",5,0.124324324324324,-4.11111111111111,7.16666666666667,10,5.2,0,2,203,3,129,15.9
"706",6,0.637837837837838,-0.499999999999999,11.0555555555556,9.5,3.3,0,1,298,1,133,14.3
"707",7,0.351351351351351,8.38888888888889,11.1666666666667,5.8,2.4,0,1,245,2,144,16.4
"3837",1,0.779569892473118,6.5,11.3333333333333,8.1,4.8,0,2,273,0,137,13.7
"3838",2,0.39247311827957,3.33333333333333,11.1111111111111,10,3.1,0,1,201,2,118,13.8
"3839",3,0.478494623655914,8.72222222222222,10.8888888888889,5.8,2.5,0,1,217,0,96,9.6
"3840",4,0.650537634408602,11.5555555555556,15.0555555555556,8.3,3.2,0,1,249,0,111,11.1
"3841",5,0.553763440860215,8,9.44444444444444,6.5,4.3,0,2,231,2,130,15
"3842",6,0.559139784946237,4.66666666666667,7.27777777777778,6.9,4.3,0,2,232,1,129,13.9
"3843",7,0.258064516129032,-1.94444444444444,4.83333333333333,10,6.2,0,2,176,0,83,8.3
"3844",1,0.317204301075269,-5.61111111111111,3.16666666666667,10,4.2,0,2,187,1,85,9.5
"3845",2,0.575268817204301,-2.38888888888889,4.22222222222222,9.4,4.5,0,2,235,0,111,11.1
"3846",3,0.661290322580645,-4.11111111111111,4.22222222222222,9.9,4,0,2,251,1,134,14.4
"3847",4,0.473118279569892,-5.33333333333333,3.22222222222222,10,5.4,0,2,216,0,96,9.6
"3848",5,0.801075268817204,1.88888888888889,5.61111111111111,9.4,4.2,0,2,277,2,136,15.6
"3849",6,0.903225806451613,8.22222222222222,11.1111111111111,8.2,6,0,2,296,0,164,16.4
"3850",7,0.60752688172043,-4.33333333333333,2,9.3,7.7,0,3,241,0,96,9.6
"3851",1,0.349462365591398,-7.55555555555556,1.05555555555555,10,8.4,0,3,193,1,115,12.5
"3852",2,0.473118279569892,-12.0555555555556,1.94444444444444,10,7.3,0,3,216,0,115,11.5
"3853",3,0.67741935483871,-10.7777777777778,5,10,3.4,0,1,254,0,105,10.5
"3854",4,0.688172043010753,0.111111111111113,8.61111111111111,9.8,6.1,0,2,256,2,150,17
"3855",5,0.908602150537634,1.44444444444445,5.94444444444445,7.5,4.3,0,2,297,0,151,15.1
"3856",6,0.575268817204301,2.27777777777778,6.33333333333333,8.5,5.5,0,2,235,0,111,11.1
"3857",7,0.537634408602151,-3.44444444444444,4.44444444444444,10,5.3,0,2,228,1,122,13.2
"3858",1,0.60752688172043,-3.83333333333333,3.55555555555555,9.6,3.3,0,1,241,0,140,14
"3859",2,0.67741935483871,1.55555555555555,3.22222222222222,5.3,6.2,0,2,254,0,156,15.6
"3860",3,0.56989247311828,-4.72222222222222,3.83333333333333,10,6.4,0,2,234,0,114,11.4
"3861",4,0.682795698924731,-3.38888888888889,3.55555555555555,8.7,4.4,0,2,255,0,132,13.2
"3862",5,0.666666666666667,3.27777777777778,8.72222222222222,7.9,8.2,0,3,252,0,109,10.9
"3863",6,0.575268817204301,-4.44444444444444,4,10,5.4,0,2,235,1,108,11.8
"3864",7,0.682795698924731,-5.72222222222222,5.94444444444445,10,6.1,0,2,255,2,110,13
"3865",1,0.462365591397849,-1.55555555555556,9.33333333333333,10,4.3,0,2,214,3,94,12.4
"3866",2,0.559139784946237,1.55555555555555,8.94444444444445,10,2.7,0,1,232,0,116,11.6
"3867",3,0.693548387096774,-1.77777777777778,4.88888888888889,9.3,3.3,0,1,257,0,120,12
"3868",4,0.688172043010753,-9.44444444444444,0.0555555555555564,9.2,5.5,0,2,256,0,124,12.4
"3869",5,0.704301075268817,-12.7222222222222,0.722222222222221,10,3.3,0,1,259,0,144,14.4
"3870",6,0.956989247311828,-15.0555555555556,-2.61111111111111,10,9.4,0,3,306,1,142,15.2
"3871",7,0.505376344086022,-23.7777777777778,-11,10,8.6,0,3,222,0,107,10.7
"3872",1,0.424731182795699,-9,1.72222222222222,10,4.2,0,2,207,1,108,11.8
"3873",2,0.682795698924731,-2.77777777777778,7.38888888888889,10,4.1,0,2,255,0,127,12.7
"3874",3,0.682795698924731,-5.83333333333333,2.16666666666667,10,4,0,2,255,0,119,11.9
"3875",4,0.580645161290323,-1.61111111111111,7.11111111111111,8.9,5.3,0,2,236,1,145,15.5
"3876",5,0.580645161290323,-0.611111111111112,8.61111111111111,9.7,3,0,1,236,0,100,10
"3877",6,0.908602150537634,4.16666666666667,13.3333333333333,10,6.8,0,2,297,0,177,17.7
"3878",7,0.71505376344086,-6.44444444444445,5.77777777777778,10,6.1,0,2,261,0,120,12
"3879",1,0.440860215053763,-6.66666666666667,5.77777777777778,10,2.6,0,1,210,0,102,10.2
"3880",2,0.725806451612903,-7.66666666666667,8.16666666666667,10,6.6,0,2,263,1,154,16.4
"3881",3,0.693548387096774,-7.05555555555556,8.94444444444445,10,5.6,0,2,257,0,137,13.7
"3882",4,0.720430107526882,-0.611111111111112,12.4444444444444,10,2.9,0,1,262,0,140,14
"3883",5,0.71505376344086,5,16.3333333333333,9.6,4,0,2,261,0,136,13.6
"3884",6,0.795698924731183,8.88888888888889,12.4444444444444,8.5,4.9,0,2,276,2,151,17.1
"3885",7,0.650537634408602,-10.1666666666667,1.16666666666667,10,8.1,0,3,249,1,108,11.8
"3886",1,0.591397849462366,-4.66666666666667,5.55555555555556,10,3.5,0,1,238,1,138,14.8
"3887",2,0.301075268817204,3.61111111111111,10.5555555555556,9.8,5.2,0,2,184,0,107,10.7
"3888",3,0.516129032258065,0.944444444444446,6.83333333333333,7.7,3.9,0,1,224,2,145,16.5
"3889",4,0.456989247311828,-3.05555555555556,4.83333333333333,9.3,5.2,0,2,213,0,104,10.4
"3890",5,0.456989247311828,1.88888888888889,3.77777777777778,7.8,6.9,0,2,213,0,116,11.6
"3891",6,0.725806451612903,-1.55555555555556,5.5,7.6,6.5,0,2,263,2,117,13.7
"3892",7,0.591397849462366,-11.7777777777778,-2.72222222222222,9.7,4.3,0,2,238,2,111,13.1
"3893",1,0.559139784946237,-4.72222222222222,1.83333333333333,8.8,4.4,0,2,232,0,119,11.9
"3894",2,0.612903225806452,-6.77777777777778,4.16666666666667,10,4,0,2,242,0,119,11.9
"3895",3,0.516129032258065,-0.444444444444445,1.27777777777778,3.5,6.3,30.48,2,224,0,100,10
"3896",4,0.956989247311828,-1.72222222222222,3.5,9.8,4.2,50.8,2,306,0,163,16.3
"3897",5,0.629032258064516,3.16666666666667,6.61111111111111,5.2,4,30.48,2,245,0,116,11.6
"3898",6,0.811827956989247,-4.16666666666667,5.33333333333333,10,4.3,0,2,279,2,139,15.9
"3899",7,0.725806451612903,2.22222222222222,5.27777777777778,7.4,7.2,0,3,263,1,132,14.2
"3900",1,0.725806451612903,-2,6.5,10,6.3,0,2,263,0,147,14.7
"3901",2,0.67741935483871,-4.88888888888889,7.55555555555556,10,5.3,0,2,254,0,146,14.6
"3902",3,0.758064516129032,-7.88888888888889,4.94444444444444,8.7,8.1,0,3,269,2,142,16.2
"3903",4,0.56989247311828,-7,3.16666666666667,10,7.9,0,3,234,0,107,10.7
"3904",5,0.876344086021505,-4.38888888888889,4.77777777777778,10,6.8,0,2,291,1,152,16.2
"3905",6,0.849462365591398,-3,4.66666666666667,10,3.8,0,1,286,1,149,15.9
"3906",7,0.612903225806452,1.5,4.66666666666667,7.1,6.7,0,2,242,2,128,14.8
"3907",1,0.43010752688172,-3.77777777777778,4.33333333333333,10,3.9,0,1,208,0,119,11.9
"3908",2,1,2.5,5.11111111111111,6.1,6.3,0,2,314,1,180,19
"3909",3,0.704301075268817,-0.166666666666667,2.38888888888889,5.6,8.1,0,3,259,0,134,13.4
"3910",4,0.768817204301075,-6.22222222222222,3.22222222222222,10,11.2,0,4,271,0,166,16.6
"3911",5,0.623655913978495,-10.4444444444444,6.22222222222222,10,6.4,0,2,244,0,137,13.7
"3912",6,0.768817204301075,-4.11111111111111,12,10,2.7,0,1,271,1,179,18.9
"3913",7,0.548387096774194,-2,10,9.8,6,0,2,230,0,102,10.2
"3914",1,0.623655913978495,-12.7777777777778,2.55555555555556,10,8.2,0,3,244,0,117,11.7
"3915",2,0.82258064516129,-9.77777777777778,3.83333333333333,10,3.7,0,1,281,2,140,16
"3916",3,0.586021505376344,-9.22222222222222,10.2777777777778,10,4.9,0,2,237,0,121,12.1
"3917",4,0.451612903225806,-4.22222222222222,12,10,4.2,0,2,212,2,104,12.4
"3918",5,0.688172043010753,8.33333333333333,11.5,7,3.3,0,1,256,1,144,15.4
"3919",6,0.543010752688172,1.05555555555555,10.5,9.6,4.4,0,2,229,0,125,12.5
"3920",7,0.467741935483871,0.222222222222221,7.27777777777778,8,7.4,0,3,215,1,122,13.2
"3921",1,0.763440860215054,0.388888888888891,10.4444444444444,7.5,5.7,0,2,270,0,145,14.5
"3922",2,0.725806451612903,-4.72222222222222,11.5555555555556,9.3,4.3,0,2,263,0,126,12.6
"3923",3,0.553763440860215,1.33333333333333,7.88888888888889,10,3.7,0,1,231,0,124,12.4
"3924",4,0.725806451612903,-6.61111111111111,8.11111111111111,10,4.3,0,2,263,0,113,11.3
"3925",5,0.736559139784946,-8.27777777777778,4.11111111111111,10,7.2,0,3,265,2,122,14.2
"3926",6,0.596774193548387,-4.55555555555556,7.16666666666667,10,2.5,0,1,239,0,136,13.6
"3927",7,0.666666666666667,9.44444444444444,15.4444444444444,8.7,3.1,0,1,252,0,143,14.3
"3928",1,0.435483870967742,-5.22222222222222,8.83333333333333,9.9,8.2,0,3,209,0,118,11.8
"3929",2,0.5,-5.94444444444444,8.44444444444445,10,3.6,0,1,221,0,135,13.5
"3930",3,0.672043010752688,8.16666666666667,14.9444444444444,9.7,2.3,0,1,253,0,163,16.3
"3931",4,0.478494623655914,9.11111111111111,11.5,5.6,6.9,0,2,217,3,134,16.4
"3932",5,0.188172043010753,9.77777777777778,14.3888888888889,4.7,2.4,0,1,163,0,86,8.6
"3933",6,0,-4.66666666666667,13.2222222222222,10,7.1,0,3,128,0,104,10.4
