"","is_snow_present","scaledCollisions","temperature","visibility","wind_speed","dowStartSun","fatalities","injured","weighted_fatalities_injuries"
"1",0,0.357843137254902,2.5,9.8,4.4,6,2,105,12.5
"2",0,0.176470588235294,5.27777777777778,5.9,6.2,7,1,106,11.6
"3",0,0.284313725490196,3.16666666666667,9.2,5.3,2,1,101,11.1
"4",0,0.215686274509804,3.55555555555555,10,3.9,3,0,92,9.2
"5",0,0.176470588235294,3,10,6.4,4,1,87,9.7
"6",0,0.495098039215686,1.83333333333333,10,7.2,5,3,125,15.5
"7",0,0.431372549019608,0,10,4.5,6,0,117,11.7
"8",0,0.294117647058824,-0.722222222222223,10,6,7,0,115,11.5
"9",0,0.264705882352941,0.222222222222221,10,2.7,2,0,85,8.5
"10",0,0.465686274509804,2.94444444444444,9.4,3.4,3,0,100,10
"11",0,0.299019607843137,3.83333333333333,8.9,3,4,1,85,9.5
"12",0,0.338235294117647,6.05555555555556,8.2,1.6,5,1,109,11.9
"13",0,0.431372549019608,5.11111111111111,7,5.7,6,0,105,10.5
"14",0,0.397058823529412,6.16666666666667,8.2,7.2,7,1,127,13.7
"15",0,0.127450980392157,4.05555555555555,10,7.7,1,0,94,9.4
"16",0,0.200980392156863,5.16666666666667,10,6.1,2,0,92,9.2
"17",0,0.377450980392157,3.22222222222222,10,5.7,3,0,101,10.1
"18",0,0.338235294117647,2.55555555555556,9.5,5.7,4,1,95,10.5
"19",0,0.32843137254902,0.166666666666665,10,3.9,5,0,106,10.6
"20",0,0.343137254901961,4.94444444444444,10,5.7,6,1,92,10.2
"21",0,0.32843137254902,-0.222222222222221,10,9.2,7,0,115,11.5
"22",0,0.137254901960784,-3.27777777777778,10,9.2,1,0,89,8.9
"23",0,0.372549019607843,-1.66666666666667,10,5,2,0,85,8.5
"24",0,0.387254901960784,0.722222222222221,7.5,6,3,0,128,12.8
"25",0,0.382352941176471,1.27777777777778,7.4,5.4,4,0,94,9.4
"26",0,0.382352941176471,-1.11111111111111,10,7.2,5,0,86,8.5
"27",0,0.524509803921569,-6.44444444444445,10,12.5,6,3,116,14.6
"28",0,0.490196078431373,-5.5,10,7.6,7,1,78,8.8
"29",0,0.553921568627451,-4.61111111111111,9.3,4.8,1,0,108,10.8
"30",1,0.269607843137255,-2.77777777777778,0.7,11.4,2,0,38,3.8
"31",1,0.264705882352941,0,2.9,8.8,3,0,38,3.8
"32",1,0.303921568627451,0.111111111111113,8.7,6.5,4,0,51,5.1
"33",1,0.455882352941176,1.66666666666667,10,6.7,5,0,97,9.7
"34",1,0.696078431372549,5.05555555555556,9.6,3.5,6,0,106,10.6
"35",1,0.446078431372549,4.11111111111111,10,6.6,7,1,96,10.6
"36",1,0.28921568627451,2.16666666666667,6.2,4.5,1,0,106,10.6
"37",1,0.573529411764706,-4.61111111111111,9.3,6.3,2,0,96,9.6
"38",1,0.220588235294118,-1.22222222222222,8.4,4.3,3,0,68,6.8
"39",1,0.465686274509804,-1.44444444444445,9.5,3.9,4,0,110,11
"40",1,0.563725490196078,-1.38888888888889,7.3,5,5,0,84,8.4
"41",1,0.519607843137255,-3.44444444444444,10,4.6,6,0,105,10.5
"42",1,0.127450980392157,-2.5,10,5.6,7,1,89,9.9
"43",1,0,-0.444444444444445,9.8,4.1,1,0,69,6.9
"44",1,0.117647058823529,0.666666666666668,8.9,4.9,2,2,89,10.9
"45",1,0.142156862745098,4.55555555555556,5.1,6.2,3,2,73,9.3
"46",1,0.269607843137255,-1.27777777777778,10,7.4,4,1,96,10.6
"47",1,0.352941176470588,-2.16666666666667,5.9,6.8,5,1,104,11.4
"48",1,0.0882352941176471,-1.22222222222222,3.2,7.3,6,0,69,6.9
"49",1,0.357843137254902,-0.333333333333334,9.3,5.5,7,0,100,10
"50",1,0.117647058823529,-1.27777777777778,10,5.8,1,0,106,10.6
"51",1,0.299019607843137,1.27777777777778,7.7,3.3,2,1,81,9.1
"52",1,0.274509803921569,3.77777777777778,8.6,4.5,3,0,97,9.7
"53",1,0.406862745098039,7.66666666666667,10,6.4,4,2,137,15.7
"54",1,0.416666666666667,7.77777777777778,10,8.2,5,0,95,9.5
"55",0,0.573529411764706,4.5,10,3.5,6,1,152,16.2
"56",0,0.191176470588235,6.11111111111111,6.8,4.5,7,0,104,10.4
"57",0,0.137254901960784,6.5,9.1,4.1,1,0,99,9.9
"58",0,0.196078431372549,6.33333333333333,5.6,5.9,2,0,77,7.7
"59",0,0.411764705882353,-1.55555555555556,10,11.1,3,0,126,12.6
"60",0,0.294117647058824,4.11111111111111,10,6,4,1,95,10.5
"61",0,0.382352941176471,5.44444444444444,10,6.8,5,3,84,11.4
"62",0,0.598039215686274,-1.27777777777778,10,11.1,6,2,123,14.3
"63",0,0.32843137254902,0.444444444444443,10,8.4,7,0,91,9.1
"64",0,0.156862745098039,0.388888888888891,10,5.9,1,0,93,9.3
"65",0,0.323529411764706,0.944444444444446,10,4.2,2,0,94,9.4
"66",0,0.563725490196078,10.1111111111111,10,6.6,3,1,126,13.6
"67",0,0.196078431372549,8.88888888888889,10,5.3,4,2,100,12
"68",0,0.504901960784314,12.0555555555556,7.3,2.6,5,0,144,14.4
"69",0,0.754901960784314,17.2777777777778,10,6,6,2,139,15.9
"70",0,0.333333333333333,7.33333333333333,10,7.4,7,1,95,10.5
"71",0,0.294117647058824,7.38888888888889,10,8,1,0,89,8.9
"72",0,0.338235294117647,-0.499999999999999,10,9,2,0,108,10.8
"73",0,0.259803921568627,0.388888888888891,10,3.7,3,0,82,8.2
"74",0,0.28921568627451,4.16666666666667,9.9,3,4,0,100,10
"75",0,0.294117647058824,7.38888888888889,6.5,3.7,5,1,89,9.9
"76",0,0.612745098039216,3.61111111111111,9.3,11.3,6,0,115,11.5
"77",0,0.485294117647059,6.44444444444445,10,3,7,0,145,14.5
"78",0,0.377450980392157,11.0555555555556,10,2.5,1,0,147,14.7
"79",0,0.544117647058823,10.3333333333333,9.5,2.9,2,1,132,14.2
"80",0,0.485294117647059,11.1111111111111,8.8,4.1,3,0,122,12.2
"81",0,0.411764705882353,10.8888888888889,8.4,4.1,4,1,136,14.6
"82",0,0.357843137254902,13.1111111111111,4.1,4.1,5,0,103,10.3
"83",0,0.745098039215686,17,7,5.3,6,0,159,15.9
"84",0,0.691176470588235,14.4444444444444,10,6.6,7,1,184,19.4
"85",0,0.0686274509803922,12.2222222222222,6.9,3.8,1,1,77,8.7
"86",0,0.274509803921569,10.5,9.5,10.5,2,0,103,10.3
"87",0,0.475490196078431,10.3333333333333,10,4.6,3,1,115,12.5
"88",0,0.490196078431373,13.4444444444444,9.2,4.8,4,0,133,13.3
"89",0,0.387254901960784,9.22222222222222,8.3,7.9,5,1,128,13.8
"90",0,0.485294117647059,1.72222222222222,10,9.1,6,0,108,10.8
"91",0,0.475490196078431,4.61111111111111,10,5.9,7,1,154,16.4
"92",0,0.367647058823529,11.3333333333333,10,3.3,1,1,124,13.4
"93",0,0.411764705882353,14,10,6.9,2,0,154,15.4
"94",0,0.656862745098039,14.2222222222222,10,6.8,3,0,155,15.5
"95",0,0.583333333333333,15.5555555555556,10,2.5,4,1,138,14.8
"96",0,0.617647058823529,14.2222222222222,10,3.1,5,3,156,18.6
"97",0,0.475490196078431,11.5,9.9,3.9,6,1,103,11.3
"98",0,0.53921568627451,14.1666666666667,9.7,2.4,7,1,138,14.8
"99",0,0.151960784313725,12.7777777777778,3.5,4.8,1,0,112,11.2
"100",0,0.392156862745098,8.66666666666667,7.2,8,2,0,128,12.8
"101",0,0.67156862745098,11.3333333333333,9.1,4.3,3,1,143,15.3
"102",0,0.544117647058823,14.6666666666667,10,3.2,4,0,137,13.7
"103",0,0.42156862745098,12.5555555555556,6.9,3.5,5,2,115,13.5
"104",0,0.558823529411765,7.77777777777778,9.5,5.5,6,0,127,12.7
"105",0,0.392156862745098,9.22222222222222,10,5.4,7,1,111,12.1
"106",0,0.362745098039216,12.5555555555556,10,2.9,1,2,157,17.7
"107",0,0.666666666666667,14.9444444444444,10,3,2,2,142,16.2
"108",0,0.632352941176471,16.7777777777778,10,2.7,3,0,168,16.8
"109",0,0.485294117647059,14.7222222222222,9.6,4.7,4,1,136,14.6
"110",0,0.333333333333333,5.11111111111111,10,10.7,5,1,97,10.7
"111",0,0.848039215686274,9.66666666666667,10,7.5,6,1,124,13.4
"112",0,0.573529411764706,15.7777777777778,10,3.7,7,2,132,15.2
"113",0,0.436274509803922,13.3888888888889,7.7,3.9,1,1,172,18.2
"114",0,0.568627450980392,11.1111111111111,10,7.4,2,1,152,16.2
"115",0,0.436274509803922,12.4444444444444,10,2.7,3,2,101,12.1
"116",0,0.686274509803922,19.2777777777778,8.2,1.3,5,1,141,15.1
"117",0,0.720588235294118,18.3888888888889,9.7,9.2,6,0,144,14.4
"118",0,0.656862745098039,11.1111111111111,10,9.3,7,1,174,18.4
"119",0,0.715686274509804,18.8888888888889,10,5.7,1,1,216,22.6
"120",0,0.647058823529412,17.1666666666667,10,5.2,2,1,186,19.6
"121",0,0.78921568627451,14.8888888888889,7,3.8,3,0,166,16.6
"122",0,0.759803921568627,12.9444444444444,5.6,3.4,4,0,143,14.3
"123",0,0.759803921568627,13.8888888888889,9.8,5.9,5,1,154,16.4
"124",0,0.661764705882353,14.2777777777778,10,3.7,6,0,139,13.9
"125",0,0.593137254901961,11,10,2.9,7,0,149,14.9
"126",0,0.696078431372549,13.7777777777778,10,4.6,3,2,181,20.1
"127",0,0.71078431372549,13.6666666666667,10,6.9,4,0,153,15.3
"128",0,0.656862745098039,15.8888888888889,10,2.5,5,1,158,16.8
"129",0,0.67156862745098,19.3333333333333,10,3.4,7,0,171,17.1
"130",0,0.75,19.2777777777778,10,2.5,1,0,144,14.4
"131",0,0.666666666666667,19,10,2.1,2,1,139,14.9
"132",0,0.931372549019608,21.3333333333333,10,4.4,3,1,183,19.3
"133",0,0.799019607843137,24.1111111111111,10,4.5,4,1,168,17.8
"134",0,0.985294117647059,20.1666666666667,10,2.6,5,1,168,17.8
"135",0,0.980392156862745,19.3333333333333,10,1.5,6,4,155,19.5
"136",0,0.950980392156863,24.3333333333333,10,2.2,7,3,210,24
"137",0,0.715686274509804,26.6666666666667,10,5.5,1,1,167,17.7
"138",0,0.676470588235294,18.4444444444444,10,6,2,3,136,16.6
"139",0,0.833333333333333,17.7777777777778,9.9,4.1,3,2,203,22.3
"140",0,0.730392156862745,22.6666666666667,9,3.5,4,1,169,17.9
"141",0,0.852941176470588,16.8333333333333,9.2,7.2,6,3,162,19.2
"142",0,0.838235294117647,18.2222222222222,10,0.9,3,2,161,18.1
"143",0,0.759803921568627,19.8333333333333,10,2.5,4,0,169,16.9
"144",0,0.509803921568627,18.6111111111111,7.5,1,5,0,118,11.8
"145",0,0.720588235294118,21.2222222222222,7.4,2.5,6,2,152,17.2
"146",0,0.887254901960784,23.7777777777778,9.9,4.1,7,0,166,16.6
"147",0,0.897058823529412,28.6111111111111,10,2.7,1,0,199,19.9
"148",0,0.965686274509804,27.5,9,2.6,2,0,194,19.4
"149",0,0.838235294117647,27,9,2.6,3,0,149,14.9
"150",0,0.82843137254902,25.9444444444444,9,2.4,4,0,191,19.1
"151",0,0.911764705882353,25.6666666666667,10,4.9,5,3,157,18.7
"152",0,0.779411764705882,18.7777777777778,10,4.6,6,1,158,16.8
"153",0,0.700980392156863,19,10,4.2,7,2,171,19.1
"154",0,0.715686274509804,19.3333333333333,10,1.9,1,2,172,19.2
"155",0,0.71078431372549,19.9444444444444,8.5,2,2,0,144,14.4
"156",0,0.906862745098039,22.1666666666667,10,3.1,3,1,174,18.4
"157",0,0.911764705882353,20.8333333333333,10,3.8,4,1,190,20
"158",0,1,20.5,10,3.8,5,1,181,19.1
"159",0,0.995098039215686,23.1666666666667,10,3.6,6,4,176,21.6
"160",0,0.92156862745098,24.3333333333333,9.9,4.4,7,1,174,18.4
"161",0,0.681372549019608,24.1111111111111,10,2.5,1,1,157,16.7
"162",0,0.867647058823529,26.6666666666667,9.8,2.5,2,0,171,17.1
"163",0,0.519607843137255,22.2777777777778,9,4.2,3,0,138,13.8
"164",0,0.82843137254902,18.2777777777778,10,4.3,4,0,180,18
"165",0,0.980392156862745,20.3333333333333,10,2.8,5,1,176,18.6
"166",0,0.965686274509804,20.7777777777778,10,2.6,6,0,190,19
"167",0,0.936274509803922,23.7222222222222,9.5,2.4,7,0,196,19.6
"168",0,0.725490196078431,26.3888888888889,10,3.8,1,1,162,17.2
"169",0,0.955882352941177,28.4444444444444,10,4.1,2,2,188,20.8
"170",0,0.813725490196078,30,10,4.2,3,2,174,19.4
"171",0,0.867647058823529,31.2777777777778,10,4.3,4,0,158,15.8
"172",0,0.661764705882353,24.4444444444444,6.5,2.1,5,2,151,17.1
"173",0,0.730392156862745,22.6111111111111,6.8,1.9,6,0,188,18.8
"174",0,0.524509803921569,17.5555555555556,8.1,6.3,7,1,135,14.5
"175",0,0.514705882352941,19.7222222222222,9.6,2.4,1,0,145,14.5
"176",0,0.676470588235294,23.3333333333333,5.9,2.5,2,0,143,14.3
"177",0,0.696078431372549,26.7222222222222,8.9,5.6,3,0,153,15.3
"178",0,0.686274509803922,26.5555555555556,6.8,2.4,4,1,130,14
"179",0,0.593137254901961,26.0555555555556,6.7,4.2,5,2,160,18
"180",0,0.794117647058823,24.1111111111111,5.4,3.6,6,2,180,20
"181",0,0.534313725490196,22.8333333333333,8.8,2.7,7,1,152,16.2
"182",0,0.387254901960784,22.5555555555556,5.8,1.7,1,1,131,14.1
"183",0,0.583333333333333,25.1666666666667,6.3,3,2,0,130,13
"184",0,0.558823529411765,21.7222222222222,7.1,6.1,3,1,125,13.5
"185",0,0.720588235294118,24,6.5,3.2,4,1,140,15
"186",0,0.92156862745098,27.1111111111111,10,1.9,5,0,181,18.1
"187",0,0.813725490196078,28.8888888888889,10,2.9,6,1,152,16.2
"188",0,0.759803921568627,27.6111111111111,8.4,1.4,7,1,192,20.2
"189",0,0.617647058823529,24.7222222222222,8.1,3.9,1,1,189,19.9
"190",0,0.705882352941177,23.7222222222222,10,4.1,2,1,136,14.6
"191",0,0.5,25.8888888888889,5.5,2.3,3,0,158,15.8
"192",0,0.715686274509804,25.2777777777778,5.3,1.9,4,0,142,14.2
"193",0,0.71078431372549,23.3333333333333,10,2.8,5,2,146,16.6
"194",0,0.686274509803922,23.1111111111111,9.6,2.6,6,0,124,12.4
"195",0,0.75,23.6111111111111,10,2,7,3,209,23.9
"196",0,0.676470588235294,23.8333333333333,7.7,1.8,1,0,153,15.3
"197",0,0.857843137254902,26.6666666666667,6.1,2.2,2,3,185,21.5
"198",0,0.656862745098039,27.4444444444444,6.9,2.4,3,0,146,14.6
"199",0,0.568627450980392,23.7777777777778,8.9,3.9,4,1,137,14.7
"200",0,0.661764705882353,22.9444444444444,8.7,2.7,5,2,157,17.7
"201",0,0.82843137254902,20.5555555555556,10,3.4,7,1,186,19.6
"202",0,0.583333333333333,21.8333333333333,10,1.8,1,3,175,20.5
"203",0,0.691176470588235,21.3888888888889,9.7,3.6,2,0,171,17.1
"204",0,0.632352941176471,22.2222222222222,10,1.9,3,1,152,16.2
"205",0,0.524509803921569,22.1666666666667,10,3,4,0,144,14.4
"206",0,0.588235294117647,22.8333333333333,10,4.3,5,1,110,12
"207",0,0.838235294117647,25.2222222222222,10,2.5,6,0,202,20.2
"208",0,0.735294117647059,25.8888888888889,10,3.9,7,1,165,17.5
"209",0,0.637254901960784,22.4444444444444,8.2,5.6,1,1,149,15.9
"210",0,0.759803921568627,22.5555555555556,8.3,5.1,2,2,163,18.3
"211",0,0.720588235294118,24.7777777777778,9.3,1.7,3,1,202,21.2
"212",0,0.647058823529412,26.2222222222222,8.3,2.5,4,0,125,12.5
"213",0,0.686274509803922,27.1666666666667,9.3,3.5,5,0,164,16.4
"214",0,0.852941176470588,29.6111111111111,10,2,6,1,181,19.1
"215",0,0.57843137254902,28.9444444444444,10,2.7,7,1,143,15.3
"216",0,0.637254901960784,24.8888888888889,10,4,1,1,164,17.4
"217",0,0.573529411764706,23.6111111111111,10,2.2,2,0,142,14.2
"218",0,0.5,24.1666666666667,10,2,3,1,170,18
"219",0,0.735294117647059,25.1666666666667,10,1.8,4,0,154,15.4
"220",0,0.5,26.3888888888889,9.3,3.7,5,0,127,12.7
"221",0,0.691176470588235,25.7777777777778,10,2.8,6,0,147,14.7
"222",0,0.67156862745098,25.4444444444444,10,1.4,7,2,159,17.9
"223",0,0.357843137254902,23.3333333333333,3.3,4.2,1,0,146,14.6
"224",0,0.534313725490196,23.5555555555556,5.8,4.6,2,0,146,14.6
"225",0,0.725490196078431,26.5555555555556,10,2.6,3,3,187,21.7
"226",0,0.745098039215686,27.6666666666667,10,1.5,4,0,156,15.6
"227",0,0.779411764705882,28.8333333333333,8.9,2.1,5,1,163,17.3
"228",0,0.808823529411765,27.9444444444444,8.7,2.6,6,3,147,17.7
"229",0,0.583333333333333,23.8333333333333,9.9,5.3,7,1,165,17.5
"230",0,0.852941176470588,21.6666666666667,10,3.4,1,1,209,21.9
"231",0,0.681372549019608,25.2777777777778,8.8,1.4,2,0,139,13.9
"232",0,0.617647058823529,26.1666666666667,10,2.9,3,2,145,16.5
"233",0,0.661764705882353,22.7777777777778,7.9,5.5,4,0,142,14.2
"234",0,0.887254901960784,19.7777777777778,7.8,7.2,5,1,187,19.7
"235",0,0.823529411764706,19.2777777777778,10,3,6,0,151,15.1
"236",0,0.769607843137255,20.4444444444444,10,2.2,7,1,196,20.6
"237",0,0.534313725490196,21.5,9.8,1.5,1,2,175,19.5
"238",0,0.563725490196078,23.4444444444444,9.5,4.7,2,0,183,18.3
"239",0,0.75,22.1666666666667,10,2.1,3,3,182,21.2
"240",0,0.735294117647059,24,10,2.5,4,0,165,16.5
"241",0,0.53921568627451,22,7.4,6.7,5,0,138,13.8
"242",0,0.823529411764706,20.3333333333333,10,5.8,6,1,176,18.6
"243",0,0.730392156862745,20.1111111111111,10,1.8,7,5,149,19.9
"244",0,0.67156862745098,22.7777777777778,10,3.2,1,1,187,19.7
"245",0,0.950980392156863,25.7222222222222,10,4.2,2,0,157,15.7
"246",0,0.774509803921569,22.6666666666667,9.5,1.6,3,0,182,18.2
"247",0,0.843137254901961,25.0555555555556,8.4,7.2,4,0,186,18.6
"248",0,0.416666666666667,23.1111111111111,10,9.8,5,0,122,12.2
"249",0,0.936274509803922,22.2777777777778,8.4,11.2,6,0,176,17.6
"250",0,0.661764705882353,24.0555555555556,10,6,7,1,186,19.6
"251",0,0.656862745098039,22.0555555555556,10,7.8,1,1,171,18.1
"252",0,0.651960784313726,20.0555555555556,10,5.4,2,1,154,16.4
"253",0,0.622549019607843,20.3333333333333,10,7.5,3,1,158,16.8
"254",0,0.514705882352941,23.2222222222222,8.4,9.6,4,0,136,13.6
"255",0,0.661764705882353,24.3333333333333,9.3,4.2,5,0,145,14.5
"256",0,0.975490196078431,18.4444444444444,8.1,4.5,6,1,183,19.3
"257",0,0.852941176470588,18.8888888888889,10,0.9,7,2,170,19
"258",0,0.637254901960784,19,10,4.2,1,0,170,17
"259",0,0.691176470588235,20.1666666666667,10,10.6,2,1,138,14.8
"260",0,0.549019607843137,20.4444444444444,9.3,8.8,3,3,147,17.7
"261",0,0.779411764705882,16.7777777777778,10,10,4,0,199,19.9
"262",0,0.784313725490196,16.3888888888889,10,7.9,5,0,166,16.6
"263",0,0.985294117647059,14.8333333333333,10,7,6,0,189,18.9
"264",0,0.808823529411765,17.6666666666667,10,6.3,7,3,166,19.6
"265",0,0.705882352941177,20.7777777777778,10,4.8,1,0,148,14.8
"266",0,0.519607843137255,20.6666666666667,6.5,7.9,2,1,139,14.9
"267",0,0.656862745098039,16.7222222222222,9.8,2,3,0,141,14.1
"268",0,0.42156862745098,17.7777777777778,10,1.7,4,1,130,14
"269",0,0.901960784313726,19.2222222222222,9.7,0.9,5,3,167,19.7
"270",0,0.867647058823529,19.6111111111111,8.2,2.1,6,0,171,17.1
"271",0,0.411764705882353,18,10,6.7,7,0,157,15.7
"272",0,0.416666666666667,17.2222222222222,8.5,8.9,1,1,153,16.3
"273",0,0.553921568627451,18.2222222222222,10,7,2,2,138,15.8
"274",0,0.67156862745098,18.2777777777778,10,2.6,3,1,160,17
"275",0,0.627450980392157,18.5555555555556,9.3,0.8,4,1,133,14.3
"276",0,0.82843137254902,20.1666666666667,8.2,2.7,5,1,171,18.1
"277",0,0.965686274509804,20.7777777777778,10,1.6,6,3,191,22.1
"278",0,0.759803921568627,21.1111111111111,9.6,3.7,7,0,184,18.4
"279",0,0.661764705882353,14.0555555555556,9,5.7,1,3,176,20.6
"280",0,0.656862745098039,11.7777777777778,9.9,5.8,2,2,129,14.9
"281",0,0.57843137254902,12.3333333333333,10,4.8,3,2,165,18.5
"282",0,0.887254901960784,17.8888888888889,10,3.5,4,0,177,17.7
"283",0,0.916666666666667,19.2222222222222,10,3,5,0,164,16.4
"284",0,0.965686274509804,18.2222222222222,10,4,6,1,208,21.8
"285",0,0.627450980392157,12.8888888888889,9.9,2.6,7,3,149,17.9
"286",0,0.715686274509804,17.4444444444444,8.3,2.2,2,0,152,15.2
"287",0,0.681372549019608,15.6666666666667,5.7,5.2,3,0,169,16.9
"288",0,0.681372549019608,14.0555555555556,8.4,7.4,4,1,158,16.8
"289",0,0.784313725490196,11.8888888888889,10,4.3,5,1,170,18
"290",0,0.848039215686274,11.6666666666667,10,6.8,6,2,160,18
"291",0,0.823529411764706,14.1111111111111,7,6.3,7,0,185,18.5
"292",0,0.872549019607843,14.6111111111111,7.6,3.4,1,0,193,19.3
"293",0,0.720588235294118,13.1666666666667,10,5.1,2,1,141,15.1
"294",0,0.450980392156863,10.4444444444444,10,2.1,3,1,135,14.5
"295",0,0.67156862745098,7.66666666666667,10,3.5,4,1,155,16.5
"296",0,0.651960784313726,6.94444444444444,10,3.2,5,1,132,14.2
"297",0,0.990196078431373,7.11111111111111,10,3.4,6,1,190,20
"298",0,0.740196078431373,7.72222222222222,10,2.5,7,0,178,17.8
"299",0,0.397058823529412,8.05555555555556,9.6,2.2,1,0,119,11.9
"300",0,0.71078431372549,11.7777777777778,10,2.8,2,0,162,16.2
"301",0,0.700980392156863,14.3888888888889,10,2.4,3,2,163,18.3
"302",0,0.794117647058823,15.2777777777778,9.8,2.3,4,1,184,19.4
"303",0,0.529411764705882,11.2777777777778,10,3.2,5,1,139,14.9
"304",0,0.82843137254902,16.3888888888889,8,5.6,6,0,202,20.2
"305",0,0.740196078431373,11.3333333333333,9.6,3.4,7,0,152,15.2
"306",0,0.416666666666667,5.94444444444445,10,3.6,1,3,142,17.2
"307",0,0.779411764705882,6.38888888888889,9.9,5.2,2,0,160,16
"308",0,0.642156862745098,5.72222222222222,10,5.8,3,1,157,16.7
"309",0,0.651960784313726,8.22222222222222,10,1.8,4,1,169,17.9
"310",0,0.818627450980392,15.3333333333333,9.9,4.1,5,0,187,18.7
"311",0,0.808823529411765,8.16666666666667,9.4,7.7,6,1,155,16.5
"312",0,0.593137254901961,5.05555555555556,10,3.3,7,2,165,18.5
"313",0,0.436274509803922,9.16666666666667,10,2.9,1,0,107,10.7
"314",0,0.637254901960784,9.88888888888889,9.7,5.1,2,2,149,16.9
"315",0,0.764705882352941,2.61111111111111,10,7.5,3,1,128,13.8
"316",0,0.901960784313726,2.33333333333333,10,4.2,4,0,188,18.8
"317",0,0.161764705882353,7.88888888888889,10,3,5,0,119,11.9
"318",0,0.377450980392157,7.44444444444444,9,5.7,6,0,119,11.9
"319",0,0.392156862745098,2.61111111111111,10,8.4,7,1,124,13.4
"320",0,0.426470588235294,2.33333333333333,9,2.2,1,0,120,12
"321",0,0.681372549019608,4.05555555555555,10,4.9,2,2,148,16.8
"322",0,0.480392156862745,2.05555555555556,10,4.3,3,1,116,12.6
"323",0,0.401960784313726,6.27777777777778,10,4,4,0,118,11.8
"324",0,0.661764705882353,10.9444444444444,9.7,4.2,5,0,171,17.1
"325",0,0.779411764705882,7.88888888888889,10,7.5,6,2,149,16.9
"326",0,0.46078431372549,5.27777777777778,10,3,7,1,114,12.4
"327",0,0.348039215686274,6.27777777777778,10,1.9,1,0,144,14.4
"328",0,0.78921568627451,10.8888888888889,6.8,4.1,2,0,177,17.7
"329",0,0.67156862745098,5.38888888888889,9.4,6.1,3,1,153,16.3
"330",0,0.504901960784314,3.66666666666667,10,4,4,0,127,12.7
"331",0,0.485294117647059,1.55555555555555,9.4,5.1,5,0,144,14.4
"332",0,0.573529411764706,6.16666666666667,10,3.1,6,0,141,14.1
"333",0,0.602941176470588,11.8333333333333,7.5,3.2,7,1,161,17.1
"334",0,0.401960784313726,9.94444444444444,9.7,7.6,1,2,139,15.9
"335",0,0.57843137254902,7.27777777777778,10,6.6,2,2,133,15.3
"336",0,0.676470588235294,8.94444444444445,10,4.7,3,0,143,14.3
"337",0,0.495098039215686,8,10,4.8,4,0,143,14.3
"338",0,0.651960784313726,13.7222222222222,10,6.5,5,3,181,21.1
"339",0,0.593137254901961,14.4444444444444,10,6.5,6,2,149,16.9
"340",0,0.720588235294118,6.72222222222222,8,3.9,7,0,151,15.1
"341",0,0.524509803921569,4.94444444444444,7.1,4.8,1,0,123,12.3
"342",0,0.529411764705882,-0.88888888888889,10,4.5,2,1,132,14.2
"343",0,0.352941176470588,2.38888888888889,10,4.2,3,1,94,10.4
"344",0,0.46078431372549,5.11111111111111,8.7,5.4,4,0,117,11.7
"345",0,0.57843137254902,0.722222222222221,10,5.5,5,0,153,15.3
"346",1,0.475490196078431,1.55555555555555,8.6,3.4,6,3,131,16.1
"347",1,0.0245098039215686,4.72222222222222,5.6,3,7,0,112,11.2
"348",0,0.00980392156862745,8.22222222222222,9.7,7.6,1,1,84,9.4
"349",0,0.112745098039216,3,10,4.9,2,0,89,8.9
"350",0,0.181372549019608,4.44444444444444,7.4,4.1,3,0,131,13.1
"351",0,0.0392156862745098,5.88888888888889,6.3,5,4,1,80,9
"352",0,0.191176470588235,7.22222222222222,4.7,2.8,5,0,117,11.7
"353",0,0.235294117647059,10.1111111111111,6.3,2,6,1,99,10.9
"354",0,0.556756756756757,11.2777777777778,6.5,1.9,7,0,140,14
"355",0,0.00540540540540541,11.7777777777778,5.8,4.1,1,2,77,9.7
"356",0,0.151351351351351,0,10,8.5,2,0,80,8
"357",0,0.405405405405405,-3.72222222222222,10,5.7,3,2,113,13.3
"358",0,0.681081081081081,3.05555555555556,8.5,4.2,4,0,152,15.2
"359",0,0.286486486486487,3.72222222222222,10,6.1,5,0,99,9.9
"360",1,0.627027027027027,-0.499999999999999,6.1,6.9,6,0,100,10
"361",1,0.302702702702703,-3.77777777777778,10,6.3,7,2,96,11.6
"362",1,0.291891891891892,1.11111111111111,9.7,6.2,1,1,108,11.8
"363",1,0.459459459459459,0.388888888888891,9.3,7.7,2,0,115,11.5
"364",0,0.416216216216216,-6.88888888888889,9.7,7.2,3,0,110,11
"365",0,0.378378378378378,-2.27777777777778,10,4.7,4,0,114,11.4
"366",0,0.475675675675676,4.22222222222222,9.8,2.7,5,2,130,15
"367",0,0.589189189189189,4.11111111111111,10,6.4,6,1,130,14
"368",0,0.302702702702703,-7.66666666666667,10,6.3,7,1,92,10.2
"369",0,0.464864864864865,-8.16666666666667,9.7,6.7,1,1,88,9.8
"370",0,0.124324324324324,3.05555555555556,6.1,9.6,2,1,71,8.1
"371",0,0.421621621621622,0.833333333333333,10,8.9,3,0,86,8.6
"372",0,0.405405405405405,3,10,4.7,4,0,96,9.6
"373",0,0.356756756756757,3.77777777777778,7.7,6.3,5,0,117,11.7
"374",0,0.583783783783784,-7.05555555555556,10,6.9,6,1,98,10.8
"375",0,0.47027027027027,-6.38888888888889,10,5.2,7,0,110,11
"376",0,0.264864864864865,-1.61111111111111,10,5.3,1,2,105,12.5
"377",0,0.313513513513514,-0.833333333333333,8.1,3.4,2,3,96,12.6
"378",0,0.297297297297297,2.94444444444444,9,4.9,3,2,109,12.9
"379",0,0.464864864864865,-3.55555555555555,10,5.8,4,0,115,11.5
"380",0,0.497297297297297,-4.5,10,4.2,5,0,128,12.8
"381",0,0.556756756756757,-0.777777777777777,6.6,3.7,6,0,101,10.1
"382",1,0.518918918918919,-5.61111111111111,2.1,9.7,7,0,62,6.2
"383",1,0.237837837837838,-8.27777777777778,10,7.9,1,0,73,7.3
"384",1,0.713513513513514,-3.88888888888889,10,3.5,2,0,90,9
"385",1,0.508108108108108,-1.88888888888889,10,4.4,3,1,104,11.4
"386",1,0.475675675675676,3.16666666666667,8.8,3.5,4,0,124,12.4
"387",1,0.367567567567568,6.88888888888889,4.5,3,5,0,103,10.3
"388",1,0.583783783783784,6.44444444444445,5.5,5.4,6,2,128,14.8
"389",0,0.621621621621622,-3.94444444444445,9.7,7.2,7,1,132,14.2
"390",0,0.486486486486487,-5.38888888888889,10,4.7,1,2,127,14.7
"391",0,0.518918918918919,0.388888888888891,5.9,3.3,2,0,124,12.4
"392",0,0.535135135135135,3.11111111111111,8.1,5.4,3,0,143,14.3
"393",0,0.497297297297297,2.11111111111111,10,3.8,4,2,132,15.2
"394",0,0.659459459459459,7.05555555555556,9.9,4.1,5,0,139,13.9
"395",0,0.751351351351351,8.61111111111111,10,4.2,6,0,154,15.4
"396",0,0.308108108108108,12.1666666666667,10,6.8,7,1,121,13.1
"397",1,0.264864864864865,1.66666666666667,5.1,5.4,1,1,111,12.1
"398",1,0.675675675675676,-5.66666666666667,10,7.9,2,0,111,11.1
"399",1,0.589189189189189,-5.61111111111111,10,4.5,3,0,139,13.9
"400",0,0.52972972972973,1.61111111111111,10,4.5,4,0,113,11.3
"401",0,0.47027027027027,13.1111111111111,10,6.6,5,2,127,14.7
"402",0,0.535135135135135,9.72222222222222,8.7,8.5,6,1,123,13.3
"403",0,0.308108108108108,-0.333333333333334,10,5.6,7,1,110,12
"404",0,0.351351351351351,-2.77777777777778,10,7.7,1,0,123,12.3
"405",0,0.0756756756756757,4,10,4.9,2,2,85,10.5
"406",0,0.345945945945946,7.27777777777778,6.4,4.3,3,1,121,13.1
"407",0,0.394594594594595,16,10,6.6,4,0,113,11.3
"408",0,0.227027027027027,0.499999999999999,10,7,5,2,86,10.6
"409",0,0.383783783783784,0.666666666666668,6.6,7,6,2,86,10.6
"410",0,0.362162162162162,-1.55555555555556,10,6.6,7,1,104,11.4
"411",0,0.345945945945946,2.11111111111111,10,7.5,1,0,141,14.1
"412",0,0.52972972972973,0.277777777777778,10,6.9,2,4,109,14.9
"413",0,0.367567567567568,2.94444444444444,10,4.8,3,0,102,10.2
"414",0,0.356756756756757,7.66666666666667,9.9,5,4,0,134,13.4
"415",0,0.745945945945946,5.33333333333333,9.7,7.5,5,0,137,13.7
"416",0,0.8,-2.38888888888889,10,5.7,6,4,132,17.2
"417",0,0.427027027027027,3.22222222222222,10,2.9,7,2,114,13.4
"418",0,0.308108108108108,10.9444444444444,8.5,4.5,1,0,119,11.9
"419",0,0.805405405405405,19.5555555555556,9.8,5.3,2,1,152,16.2
"420",0,0.427027027027027,8.55555555555556,10,9.6,3,1,123,13.3
"421",0,0.572972972972973,3.16666666666667,6.6,4.8,4,0,125,12.5
"422",0,0.475675675675676,3.94444444444445,8.5,2.3,5,0,137,13.7
"423",0,0.805405405405405,7.44444444444444,10,3.1,6,1,151,16.1
"424",0,0.394594594594595,4.33333333333333,7,7.1,7,0,110,11
"425",0,0.508108108108108,-2.94444444444445,9.4,9.2,1,1,123,13.3
"426",0,0.708108108108108,5.55555555555556,10,4.7,2,1,172,18.2
"427",0,0.621621621621622,12,10,4.7,3,1,143,15.3
"428",0,0.708108108108108,14.1666666666667,10,3.7,4,0,150,15
"429",0,0.535135135135135,9.38888888888889,4.1,5.7,5,0,142,14.2
"430",0,0.578378378378378,13.9444444444444,7,3.2,7,1,154,16.4
"431",0,0.427027027027027,13.8888888888889,9.8,5,1,0,153,15.3
"432",0,0.605405405405405,10.7222222222222,9.6,8.6,2,0,171,17.1
"433",0,0.594594594594595,10.8888888888889,10,6.1,3,0,118,11.8
"434",0,0.491891891891892,7.05555555555556,10,5.7,4,0,124,12.4
"435",0,0.464864864864865,5.66666666666667,5.4,10.1,5,1,133,14.3
"436",0,0.686486486486486,9.72222222222222,8.7,4,6,1,132,14.2
"437",0,0.583783783783784,10,9.9,4.7,7,0,129,12.9
"438",0,0.47027027027027,5.27777777777778,10,8,1,0,119,11.9
"439",0,0.643243243243243,-2.27777777777778,10,10.6,2,1,136,14.6
"440",0,0.497297297297297,-1.61111111111111,10,10.4,3,0,135,13.5
"441",0,0.567567567567568,2.38888888888889,10,4.5,4,0,116,11.6
"442",0,0.545945945945946,11.7222222222222,8.1,3.9,5,0,128,12.8
"443",0,0.594594594594595,13.1666666666667,9.6,7.1,6,1,152,16.2
"444",0,0.524324324324324,7,10,6.8,7,0,132,13.2
"445",0,0.421621621621622,7.33333333333333,9.5,2.4,1,0,118,11.8
"446",0,0.589189189189189,7.61111111111111,10,6.6,2,0,121,12.1
"447",0,0.389189189189189,9.94444444444444,10,2.2,3,0,106,10.6
"448",0,0.394594594594595,8.83333333333333,7.3,9.5,4,0,116,11.6
"449",0,0.551351351351351,9.33333333333333,7.3,6.3,5,1,132,14.2
"450",0,0.881081081081081,12.9444444444444,7.9,5.9,6,1,174,18.4
"451",0,0.610810810810811,11.1111111111111,9.8,4.9,7,0,153,15.3
"452",0,0.567567567567568,8.38888888888889,10,6.6,1,0,151,15.1
"453",0,0.556756756756757,8.88888888888889,10,5.9,2,0,121,12.1
"454",0,0.713513513513514,14.5,10,3.8,3,0,166,16.6
"455",0,0.627027027027027,17.1111111111111,10,3.5,4,0,165,16.5
"456",0,0.816216216216216,19.4444444444444,9.7,3.4,5,0,168,16.8
"457",0,0.605405405405405,15.6111111111111,10,5,6,0,161,16.1
"458",0,0.551351351351351,15.9444444444444,10,5.7,7,0,146,14.6
"459",0,0.32972972972973,7.61111111111111,9.6,6.7,1,0,134,13.4
"460",0,0.318918918918919,7.44444444444444,10,3.6,2,0,100,10
"461",0,0.410810810810811,6.94444444444444,7.3,9.4,3,0,103,10.3
"462",0,0.551351351351351,9.5,10,6.9,4,0,152,15.2
"463",0,0.308108108108108,10.7777777777778,10,4.7,5,1,109,11.9
"464",0,0.518918918918919,15.6111111111111,10,5.2,6,1,131,14.1
"465",0,0.562162162162162,14.0555555555556,9.7,4.8,7,1,126,13.6
"466",0,0.486486486486487,13.5,10,4.8,1,0,144,14.4
"467",0,0.4,11.0555555555556,10,4.1,2,0,122,12.2
"468",0,0.345945945945946,12.3888888888889,9.2,3.7,3,0,116,11.6
"469",0,0.724324324324324,11.3888888888889,9.8,7,4,0,137,13.7
"470",0,0.908108108108108,8.22222222222222,10,10.1,5,1,159,16.9
"471",0,0.762162162162162,12.7222222222222,10,3.4,7,1,157,16.7
"472",0,0.52972972972973,14.2222222222222,10,2.1,1,0,145,14.5
"473",0,0.551351351351351,12.2777777777778,6.6,4.1,2,1,146,15.6
"474",0,0.551351351351351,13.1666666666667,9.9,4.8,3,3,137,16.7
"475",0,0.383783783783784,12.6111111111111,7.4,2.8,4,1,101,11.1
"476",0,0.924324324324324,17.4444444444444,10,3.7,5,1,152,16.2
"477",0,1,14.3333333333333,7.2,2.2,6,3,194,22.4
"478",0,0.610810810810811,9.27777777777778,5.1,9,7,1,116,12.6
"479",0,0.432432432432432,10.2222222222222,10,9.6,1,2,114,13.4
"480",0,0.621621621621622,13.6666666666667,10,9.5,2,1,145,15.5
"481",0,0.627027027027027,16.0555555555556,10,9.3,3,1,142,15.2
"482",0,0.648648648648649,16.8333333333333,10,6.2,4,0,137,13.7
"483",0,0.691891891891892,18,10,4,5,0,153,15.3
"484",0,0.821621621621622,17.3333333333333,7.4,4,6,1,172,18.2
"485",0,0.524324324324324,18.0555555555556,6.1,1.7,7,1,136,14.6
"486",0,0.681081081081081,18.4444444444444,6.2,2.4,1,0,189,18.9
"487",0,0.637837837837838,20.7222222222222,9.5,3.1,2,1,143,15.3
"488",0,0.72972972972973,19,10,6.2,3,0,181,18.1
"489",0,0.843243243243243,17.3333333333333,10,4.5,4,1,185,19.5
"490",0,0.762162162162162,15.3333333333333,6.8,2.3,5,0,150,15
"491",0,0.772972972972973,16.1666666666667,5.3,3.4,6,0,162,16.2
"492",0,0.913513513513514,21.8888888888889,4.3,1.6,7,2,160,18
"493",0,0.751351351351351,27.1111111111111,9.7,3,1,1,158,16.8
"494",0,0.832432432432432,20.7222222222222,10,5.8,2,0,162,16.2
"495",0,0.52972972972973,17.5,10,4.6,3,1,145,15.5
"496",0,0.67027027027027,15.8333333333333,9.9,2.5,4,0,164,16.4
"497",0,0.697297297297297,16.1111111111111,10,2.6,5,3,136,16.6
"498",0,0.724324324324324,20.5,8.6,2.7,6,0,146,14.6
"499",0,0.610810810810811,19.6666666666667,8.6,3,7,1,151,16.1
"500",0,0.551351351351351,20.1666666666667,10,1.5,1,0,157,15.7
"501",0,0.405405405405405,22.7777777777778,10,2.4,2,1,165,17.5
"502",0,0.940540540540541,28.1666666666667,10,3.2,3,0,163,16.3
"503",0,0.713513513513514,18.5,9.3,6,4,3,148,17.8
"504",0,0.735135135135135,19.3888888888889,5.9,2.2,5,1,144,15.4
"505",0,0.751351351351351,19.8333333333333,5.2,3.6,6,0,155,15.5
"506",0,0.648648648648649,21.5,10,1.7,7,2,177,19.7
"507",0,0.643243243243243,20,10,3.4,1,1,148,15.8
"508",0,0.708108108108108,21.2222222222222,10,2.8,2,0,171,17.1
"509",0,0.686486486486486,20.8333333333333,10,5,3,0,155,15.5
"510",0,0.708108108108108,22.6666666666667,8.7,4.3,4,0,156,15.6
"511",0,0.740540540540541,23.2222222222222,7.9,5.7,5,0,165,16.5
"512",0,0.681081081081081,21.5555555555556,10,2.4,7,1,193,20.3
"513",0,0.751351351351351,24,9.1,1.9,2,0,166,16.6
"514",0,0.724324324324324,23.8333333333333,10,3.6,3,0,151,15.1
"515",0,0.659459459459459,19.4444444444444,9.3,2.9,5,1,125,13.5
"516",0,0.740540540540541,20.7222222222222,10,7.4,7,1,208,21.8
"517",0,0.675675675675676,17.1111111111111,10,6.2,1,0,200,20
"518",0,0.545945945945946,19.6666666666667,10,3.3,2,2,152,17.2
"519",0,0.740540540540541,21.3333333333333,9,2,3,2,133,15.3
"520",0,0.637837837837838,19,9.1,3.6,5,1,158,16.8
"521",0,0.664864864864865,23.2777777777778,7.9,3.2,2,0,150,15
"522",0,0.621621621621622,21.8888888888889,10,2.5,3,1,179,18.9
"523",0,0.67027027027027,23.1111111111111,10,1.5,4,1,177,18.7
"524",0,0.767567567567568,24.7777777777778,10,2.7,5,1,176,18.6
"525",0,0.735135135135135,26.8888888888889,8.5,2.7,6,2,167,18.7
"526",0,0.518918918918919,27.2222222222222,9.7,3.1,7,1,149,15.9
"527",0,0.378378378378378,27,10,3.1,1,1,118,12.8
"528",0,0.405405405405405,24.7222222222222,10,2.7,2,2,157,17.7
"529",0,0.551351351351351,24.9444444444444,8.7,3.3,3,0,153,15.3
"530",0,0.594594594594595,24.8888888888889,8.3,4.2,4,0,167,16.7
"531",0,0.567567567567568,25,10,4.8,5,3,169,19.9
"532",0,0.621621621621622,22.7777777777778,8.6,1.6,6,0,172,17.2
"533",0,0.427027027027027,24.6666666666667,9.6,2.7,7,2,119,13.9
"534",0,0.378378378378378,23.1666666666667,10,4,1,4,115,15.5
"535",0,0.52972972972973,23.2777777777778,9.6,4.1,2,1,174,18.4
"536",0,0.47027027027027,25.5555555555556,10,5.2,3,0,159,15.9
"537",0,0.686486486486486,28.0555555555556,10,2.9,4,1,200,21
"538",0,0.481081081081081,26.9444444444444,10,3.1,5,1,138,14.8
"539",0,0.713513513513514,26.0555555555556,10,3.9,6,1,184,19.4
"540",0,0.518918918918919,24.1666666666667,8.9,2.7,7,0,168,16.8
"541",0,0.545945945945946,24.6666666666667,9.9,2.2,1,5,168,21.8
"542",0,0.659459459459459,25.0555555555556,6.4,1.6,2,1,145,15.5
"543",0,0.6,26.8333333333333,9.9,4.6,3,3,175,20.5
"544",0,0.594594594594595,29.6666666666667,10,3.5,4,3,163,19.3
"545",0,0.621621621621622,28.6666666666667,9.3,3.5,5,0,218,21.8
"546",0,0.827027027027027,29.6111111111111,10,2.9,6,1,163,17.3
"547",0,0.675675675675676,29.2222222222222,10,2,7,0,164,16.4
"548",0,0.459459459459459,30,10,3.8,1,2,151,17.1
"549",0,0.535135135135135,28.2777777777778,9.4,3.8,2,0,142,14.2
"550",0,0.518918918918919,25.0555555555556,10,3.9,3,2,141,16.1
"551",0,0.572972972972973,24.8333333333333,10,1.8,4,1,134,14.4
"552",0,0.632432432432432,26.5555555555556,9.8,2.4,5,0,161,16.1
"553",0,0.702702702702703,26.9444444444444,10,3.4,6,1,137,14.7
"554",0,0.681081081081081,26,9.8,4.1,7,0,141,14.1
"555",0,0.578378378378378,25.7777777777778,10,1.5,1,1,163,17.3
"556",0,0.616216216216216,22.2777777777778,6.2,2.7,2,0,138,13.8
"557",0,0.610810810810811,25.8333333333333,9.9,3,3,0,162,16.2
"558",0,0.778378378378378,27.2222222222222,10,2.8,4,2,192,21.2
"559",0,0.643243243243243,28.1111111111111,10,2.7,5,2,171,19.1
"560",0,0.772972972972973,28.1666666666667,10,2.8,6,0,177,17.7
"561",0,0.718918918918919,28.4444444444444,10,3.5,7,1,167,17.7
"562",0,0.47027027027027,28.7777777777778,10,4.3,1,0,120,12
"563",0,0.745945945945946,29.4444444444444,10,5.1,2,1,178,18.8
"564",0,0.556756756756757,30.6111111111111,10,4.8,3,0,156,15.6
"565",0,0.443243243243243,27.1111111111111,10,3.2,4,1,150,16
"566",0,0.578378378378378,26.3888888888889,9.1,1.6,5,1,152,16.2
"567",0,0.924324324324324,25.6666666666667,10,4.7,6,1,194,20.4
"568",0,0.686486486486486,22.7222222222222,10,3.7,7,0,166,16.6
"569",0,0.675675675675676,23.0555555555556,10,2.4,1,2,164,18.4
"570",0,0.32972972972973,23.5555555555556,10,1.9,2,0,137,13.7
"571",0,0.6,23.2222222222222,10,4.9,3,0,161,16.1
"572",0,0.437837837837838,23,10,2.1,4,0,169,16.9
"573",0,0.556756756756757,22.7222222222222,9.6,3.1,5,0,161,16.1
"574",0,0.572972972972973,25.3888888888889,10,2.8,6,2,183,20.3
"575",0,0.697297297297297,27.0555555555556,10,2.9,7,2,159,17.9
"576",0,0.497297297297297,24.8333333333333,10,1.9,1,0,145,14.5
"577",0,0.372972972972973,24,9.5,2.8,2,1,119,12.9
"578",0,0.502702702702703,24.9444444444444,6.5,1.8,3,1,146,15.6
"579",0,0.275675675675676,26.1111111111111,10,3.6,4,2,92,11.2
"580",0,0.524324324324324,27.2222222222222,10,1.8,5,2,161,18.1
"581",0,0.632432432432432,26.5555555555556,9.1,2.5,6,1,147,15.7
"582",0,0.681081081081081,27.3888888888889,10,3.3,7,1,159,16.9
"583",0,0.562162162162162,24.7777777777778,9.7,4.5,1,0,170,17
"584",0,0.427027027027027,25.6666666666667,10,2.7,2,2,145,16.5
"585",0,0.556756756756757,26.4444444444444,10,3.6,3,1,165,17.5
"586",0,0.610810810810811,24.5,9.3,4.6,4,0,175,17.5
"587",0,0.659459459459459,24.9444444444444,10,2.8,5,1,142,15.2
"588",0,0.589189189189189,21.6111111111111,10,4.2,6,1,157,16.7
"589",0,0.637837837837838,22.1666666666667,10,1.8,7,0,186,18.6
"590",0,0.378378378378378,25.1666666666667,10,2.3,1,2,141,16.1
"591",0,0.4,25.7777777777778,9.5,1.5,2,1,131,14.1
"592",0,0.859459459459459,21.9444444444444,5.2,1.9,3,0,186,18.6
"593",0,0.437837837837838,20,8.5,6.1,4,0,113,11.3
"594",0,0.654054054054054,21.2222222222222,10,4.6,5,0,154,15.4
"595",0,0.994594594594595,21.2777777777778,10,2.7,6,1,180,19
"596",0,0.497297297297297,22.7777777777778,10,2,7,1,153,16.3
"597",0,0.432432432432432,22.1666666666667,9.2,2,1,0,154,15.4
"598",0,0.724324324324324,22.2222222222222,6.1,1.7,2,0,144,14.4
"599",0,0.783783783783784,23.8888888888889,7,2.1,3,0,144,14.4
"600",0,0.691891891891892,21.9444444444444,10,5.2,4,0,174,17.4
"601",0,0.810810810810811,21.1111111111111,10,4.8,5,0,158,15.8
"602",0,0.913513513513514,18.6666666666667,10,1.7,6,1,188,19.8
"603",0,0.443243243243243,20.3888888888889,10,4.3,7,0,146,14.6
"604",0,0.621621621621622,23,10,4.1,1,0,155,15.5
"605",0,0.610810810810811,24.2777777777778,9.4,3.8,2,0,132,13.2
"606",0,0.583783783783784,22.1111111111111,10,3.7,3,0,131,13.1
"607",0,0.837837837837838,21.3333333333333,10,2.2,4,1,169,17.9
"608",0,0.535135135135135,20.8888888888889,8.8,5.9,5,0,129,12.9
"609",0,0.767567567567568,14,10,8.3,6,2,169,18.9
"610",0,0.578378378378378,14,10,4.7,7,1,123,13.3
"611",0,0.562162162162162,18,10,2.7,1,3,156,18.6
"612",0,0.432432432432432,18.1666666666667,9.2,5.3,2,1,142,15.2
"613",0,0.259459459459459,18.2222222222222,10,3.9,3,0,106,10.6
"614",0,0.562162162162162,16.2222222222222,10,3.4,4,0,150,15
"615",0,0.724324324324324,15.9444444444444,10,4.9,5,0,180,18
"616",0,0.8,14.2222222222222,10,5.8,6,0,163,16.3
"617",0,0.794594594594595,13.8888888888889,8.2,8.2,7,1,169,17.9
"618",0,0.356756756756757,14.6666666666667,9.9,10.1,1,1,121,13.1
"619",0,0.778378378378378,10.4444444444444,9.4,10.2,2,0,130,13
"620",0,0.481081081081081,9.88888888888889,6.3,8.1,3,1,139,14.9
"621",0,0.345945945945946,13.3888888888889,7.4,5.4,4,0,154,15.4
"622",0,0.843243243243243,16.4444444444444,10,2.5,5,2,195,21.5
"623",0,0.767567567567568,19.5,10,3.4,6,0,165,16.5
"624",0,0.675675675675676,12.9444444444444,10,4.8,7,1,170,18
"625",0,0.340540540540541,11.3888888888889,10,2.8,1,0,102,10.2
"626",0,0.194594594594595,14.8333333333333,10,2.2,2,1,105,11.5
"627",0,0.52972972972973,15.5,10,2.9,3,0,137,13.7
"628",0,0.724324324324324,17.0555555555556,10,2.8,4,2,155,17.5
"629",0,0.664864864864865,18.3888888888889,9.4,3.1,5,1,162,17.2
"630",0,0.902702702702703,14.7777777777778,7.6,3.8,6,5,200,25
"631",0,0.508108108108108,14.9444444444444,10,2,7,0,140,14
"632",0,0.367567567567568,15.1111111111111,10,2.5,1,1,132,14.2
"633",0,0.443243243243243,15.5555555555556,9.8,3.1,2,1,139,14.9
"634",0,0.372972972972973,11.4444444444444,8.9,4.5,3,1,127,13.7
"635",0,0.572972972972973,8.77777777777778,10,4.9,4,3,159,18.9
"636",0,0.637837837837838,10.2777777777778,10,5,5,0,145,14.5
"637",0,0.837837837837838,12.1111111111111,10,2.3,6,2,152,17.2
"638",0,0.789189189189189,13.9444444444444,10,2.4,7,1,156,16.6
"639",0,0.324324324324324,14.1666666666667,10,4.8,1,1,103,11.3
"640",0,0.621621621621622,14,6,6.9,2,0,169,16.9
"641",0,0.621621621621622,17.7777777777778,2.9,3.3,3,0,164,16.4
"642",0,0.459459459459459,19.1111111111111,5.1,2.2,4,0,128,12.8
"643",0,0.72972972972973,16,10,4.8,5,1,155,16.5
"644",0,0.654054054054054,10.7222222222222,10,5.8,6,0,157,15.7
"645",0,0.686486486486486,10.1666666666667,10,3.4,7,0,133,13.3
"646",0,0.594594594594595,11.3888888888889,10,0.9,1,0,134,13.4
"647",0,0.562162162162162,14,9.7,0.7,2,0,134,13.4
"648",0,0.52972972972973,16.6111111111111,6.8,2.4,3,1,149,15.9
"649",0,0.767567567567568,16.5555555555556,10,2.7,4,2,198,21.8
"650",0,0.745945945945946,15,9.9,1.5,5,0,174,17.4
"651",0,0.572972972972973,15.4444444444444,8.5,1.7,6,1,160,17
"652",0,0.616216216216216,20,10,2.7,7,1,176,18.6
"653",0,0.281081081081081,20.8888888888889,10,3.8,1,0,141,14.1
"654",0,0.535135135135135,21.8333333333333,10,4.8,2,2,167,18.7
"655",0,0.27027027027027,12.2777777777778,10,5.6,3,0,116,11.6
"656",0,0.427027027027027,8.33333333333333,10,5.1,4,4,126,16.6
"657",0,0.464864864864865,12.5555555555556,10,2.8,5,0,142,14.2
"658",0,0.702702702702703,17,7.6,2.1,6,1,148,15.8
"659",0,0.481081081081081,19.5555555555556,8,4.6,7,1,151,16.1
"660",0,0.308108108108108,11.9444444444444,9.9,4.3,1,0,117,11.7
"661",0,0.448648648648649,5.27777777777778,10,5.8,2,1,120,13
"662",0,0.632432432432432,4.5,9.8,5,3,1,143,15.3
"663",0,0.664864864864865,6.44444444444445,6.9,7.2,4,0,147,14.7
"664",0,0.594594594594595,4.94444444444444,10,6.8,5,0,122,12.2
"665",0,0.562162162162162,3.77777777777778,10,4.4,6,0,139,13.9
"666",0,0.745945945945946,2.22222222222222,10,6.2,7,0,157,15.7
"667",0,0.362162162162162,1.88888888888889,10,7.2,1,1,105,11.5
"668",0,0.675675675675676,0.555555555555556,10,5.6,2,1,151,16.1
"669",0,0.675675675675676,5.94444444444445,10,5,3,0,127,12.7
"670",0,0.632432432432432,9,10,3.5,4,0,166,16.6
"671",0,0.0594594594594595,7.94444444444444,10,3.8,5,1,81,9.1
"672",0,0.281081081081081,10.0555555555556,8.8,5.5,6,1,116,12.6
"673",0,0.362162162162162,9.11111111111111,10,7,7,2,155,17.5
"674",0,0.308108108108108,10.7777777777778,8,4.5,1,1,121,13.1
"675",0,0.389189189189189,11.6111111111111,9.4,6.8,2,2,129,14.9
"676",0,0.324324324324324,4.77777777777778,10,2.8,3,4,109,14.9
"677",0,0.535135135135135,8.83333333333333,8.6,4.4,4,0,144,14.4
"678",0,0.6,4.77777777777778,10,8.4,5,1,138,14.8
"679",0,0.637837837837838,3.11111111111111,9.9,3.5,6,1,149,15.9
"680",0,0.535135135135135,11.1666666666667,8.2,4.7,7,0,130,13
"681",0,0.394594594594595,6.11111111111111,10,5.3,1,2,124,14.4
"682",0,0.481081081081081,5,10,3,2,3,125,15.5
"683",0,0.72972972972973,9.55555555555556,7.8,3.7,3,0,176,17.6
"684",0,0.637837837837838,13.9444444444444,3.7,3.1,4,1,168,17.8
"685",0,0.572972972972973,11.0555555555556,9.5,4.1,5,2,127,14.7
"686",0,0.67027027027027,4.88888888888889,10,5.4,6,1,168,17.8
"687",0,0.394594594594595,2.22222222222222,10,6.4,7,0,153,15.3
"688",0,0.275675675675676,3.22222222222222,9.1,7.3,1,0,129,12.9
"689",0,0.540540540540541,1.11111111111111,7.6,5.8,2,0,141,14.1
"690",0,0.654054054054054,-0.611111111111112,10,3.6,3,0,148,14.8
"691",0,0.427027027027027,0.999999999999998,10,5.6,4,0,118,11.8
"692",0,0.832432432432432,2.55555555555556,9.3,7,5,1,189,19.9
"693",0,0.52972972972973,4.55555555555556,9.8,7.2,7,0,135,13.5
"694",0,0.324324324324324,2.55555555555556,10,6.3,1,1,120,13
"695",0,0.524324324324324,1.05555555555555,10,6.6,2,1,144,15.4
"696",0,0.454054054054054,1.33333333333333,10,5.5,3,0,135,13.5
"697",0,0.475675675675676,0.499999999999999,10,1.6,4,0,138,13.8
"698",0,0.583783783783784,3.83333333333333,9.3,5.6,5,1,160,17
"699",0,0.708108108108108,6.33333333333333,6.5,9,6,0,169,16.9
"700",0,0.47027027027027,-12.0555555555556,10,10.2,7,0,112,11.2
"701",0,0,-7.05555555555556,10,7.5,1,0,70,7
"702",0,0.0486486486486487,-5.05555555555556,10,6.7,2,1,91,10.1
"703",0,0.172972972972973,-0.833333333333333,10,4.8,3,0,89,8.9
"704",0,0.221621621621622,3.5,10,4.4,4,4,118,15.8
"705",0,0.124324324324324,7.16666666666667,10,5.2,5,3,129,15.9
"706",0,0.637837837837838,11.0555555555556,9.5,3.3,6,1,133,14.3
"707",0,0.351351351351351,11.1666666666667,5.8,2.4,7,2,144,16.4
"3837",0,0.779569892473118,11.3333333333333,8.1,4.8,1,0,137,13.7
"3838",0,0.39247311827957,11.1111111111111,10,3.1,2,2,118,13.8
"3839",0,0.478494623655914,10.8888888888889,5.8,2.5,3,0,96,9.6
"3840",0,0.650537634408602,15.0555555555556,8.3,3.2,4,0,111,11.1
"3841",0,0.553763440860215,9.44444444444444,6.5,4.3,5,2,130,15
"3842",0,0.559139784946237,7.27777777777778,6.9,4.3,6,1,129,13.9
"3843",0,0.258064516129032,4.83333333333333,10,6.2,7,0,83,8.3
"3844",0,0.317204301075269,3.16666666666667,10,4.2,1,1,85,9.5
"3845",0,0.575268817204301,4.22222222222222,9.4,4.5,2,0,111,11.1
"3846",0,0.661290322580645,4.22222222222222,9.9,4,3,1,134,14.4
"3847",0,0.473118279569892,3.22222222222222,10,5.4,4,0,96,9.6
"3848",0,0.801075268817204,5.61111111111111,9.4,4.2,5,2,136,15.6
"3849",0,0.903225806451613,11.1111111111111,8.2,6,6,0,164,16.4
"3850",0,0.60752688172043,2,9.3,7.7,7,0,96,9.6
"3851",0,0.349462365591398,1.05555555555555,10,8.4,1,1,115,12.5
"3852",0,0.473118279569892,1.94444444444444,10,7.3,2,0,115,11.5
"3853",0,0.67741935483871,5,10,3.4,3,0,105,10.5
"3854",0,0.688172043010753,8.61111111111111,9.8,6.1,4,2,150,17
"3855",0,0.908602150537634,5.94444444444445,7.5,4.3,5,0,151,15.1
"3856",0,0.575268817204301,6.33333333333333,8.5,5.5,6,0,111,11.1
"3857",0,0.537634408602151,4.44444444444444,10,5.3,7,1,122,13.2
"3858",0,0.60752688172043,3.55555555555555,9.6,3.3,1,0,140,14
"3859",0,0.67741935483871,3.22222222222222,5.3,6.2,2,0,156,15.6
"3860",0,0.56989247311828,3.83333333333333,10,6.4,3,0,114,11.4
"3861",0,0.682795698924731,3.55555555555555,8.7,4.4,4,0,132,13.2
"3862",0,0.666666666666667,8.72222222222222,7.9,8.2,5,0,109,10.9
"3863",0,0.575268817204301,4,10,5.4,6,1,108,11.8
"3864",0,0.682795698924731,5.94444444444445,10,6.1,7,2,110,13
"3865",0,0.462365591397849,9.33333333333333,10,4.3,1,3,94,12.4
"3866",0,0.559139784946237,8.94444444444445,10,2.7,2,0,116,11.6
"3867",0,0.693548387096774,4.88888888888889,9.3,3.3,3,0,120,12
"3868",0,0.688172043010753,0.0555555555555564,9.2,5.5,4,0,124,12.4
"3869",0,0.704301075268817,0.722222222222221,10,3.3,5,0,144,14.4
"3870",0,0.956989247311828,-2.61111111111111,10,9.4,6,1,142,15.2
"3871",0,0.505376344086022,-11,10,8.6,7,0,107,10.7
"3872",0,0.424731182795699,1.72222222222222,10,4.2,1,1,108,11.8
"3873",0,0.682795698924731,7.38888888888889,10,4.1,2,0,127,12.7
"3874",0,0.682795698924731,2.16666666666667,10,4,3,0,119,11.9
"3875",0,0.580645161290323,7.11111111111111,8.9,5.3,4,1,145,15.5
"3876",0,0.580645161290323,8.61111111111111,9.7,3,5,0,100,10
"3877",0,0.908602150537634,13.3333333333333,10,6.8,6,0,177,17.7
"3878",0,0.71505376344086,5.77777777777778,10,6.1,7,0,120,12
"3879",0,0.440860215053763,5.77777777777778,10,2.6,1,0,102,10.2
"3880",0,0.725806451612903,8.16666666666667,10,6.6,2,1,154,16.4
"3881",0,0.693548387096774,8.94444444444445,10,5.6,3,0,137,13.7
"3882",0,0.720430107526882,12.4444444444444,10,2.9,4,0,140,14
"3883",0,0.71505376344086,16.3333333333333,9.6,4,5,0,136,13.6
"3884",0,0.795698924731183,12.4444444444444,8.5,4.9,6,2,151,17.1
"3885",0,0.650537634408602,1.16666666666667,10,8.1,7,1,108,11.8
"3886",0,0.591397849462366,5.55555555555556,10,3.5,1,1,138,14.8
"3887",0,0.301075268817204,10.5555555555556,9.8,5.2,2,0,107,10.7
"3888",0,0.516129032258065,6.83333333333333,7.7,3.9,3,2,145,16.5
"3889",0,0.456989247311828,4.83333333333333,9.3,5.2,4,0,104,10.4
"3890",0,0.456989247311828,3.77777777777778,7.8,6.9,5,0,116,11.6
"3891",0,0.725806451612903,5.5,7.6,6.5,6,2,117,13.7
"3892",0,0.591397849462366,-2.72222222222222,9.7,4.3,7,2,111,13.1
"3893",0,0.559139784946237,1.83333333333333,8.8,4.4,1,0,119,11.9
"3894",0,0.612903225806452,4.16666666666667,10,4,2,0,119,11.9
"3895",1,0.516129032258065,1.27777777777778,3.5,6.3,3,0,100,10
"3896",1,0.956989247311828,3.5,9.8,4.2,4,0,163,16.3
"3897",1,0.629032258064516,6.61111111111111,5.2,4,5,0,116,11.6
"3898",0,0.811827956989247,5.33333333333333,10,4.3,6,2,139,15.9
"3899",0,0.725806451612903,5.27777777777778,7.4,7.2,7,1,132,14.2
"3900",0,0.725806451612903,6.5,10,6.3,1,0,147,14.7
"3901",0,0.67741935483871,7.55555555555556,10,5.3,2,0,146,14.6
"3902",0,0.758064516129032,4.94444444444444,8.7,8.1,3,2,142,16.2
"3903",0,0.56989247311828,3.16666666666667,10,7.9,4,0,107,10.7
"3904",0,0.876344086021505,4.77777777777778,10,6.8,5,1,152,16.2
"3905",0,0.849462365591398,4.66666666666667,10,3.8,6,1,149,15.9
"3906",0,0.612903225806452,4.66666666666667,7.1,6.7,7,2,128,14.8
"3907",0,0.43010752688172,4.33333333333333,10,3.9,1,0,119,11.9
"3908",0,1,5.11111111111111,6.1,6.3,2,1,180,19
"3909",0,0.704301075268817,2.38888888888889,5.6,8.1,3,0,134,13.4
"3910",0,0.768817204301075,3.22222222222222,10,11.2,4,0,166,16.6
"3911",0,0.623655913978495,6.22222222222222,10,6.4,5,0,137,13.7
"3912",0,0.768817204301075,12,10,2.7,6,1,179,18.9
"3913",0,0.548387096774194,10,9.8,6,7,0,102,10.2
"3914",0,0.623655913978495,2.55555555555556,10,8.2,1,0,117,11.7
"3915",0,0.82258064516129,3.83333333333333,10,3.7,2,2,140,16
"3916",0,0.586021505376344,10.2777777777778,10,4.9,3,0,121,12.1
"3917",0,0.451612903225806,12,10,4.2,4,2,104,12.4
"3918",0,0.688172043010753,11.5,7,3.3,5,1,144,15.4
"3919",0,0.543010752688172,10.5,9.6,4.4,6,0,125,12.5
"3920",0,0.467741935483871,7.27777777777778,8,7.4,7,1,122,13.2
"3921",0,0.763440860215054,10.4444444444444,7.5,5.7,1,0,145,14.5
"3922",0,0.725806451612903,11.5555555555556,9.3,4.3,2,0,126,12.6
"3923",0,0.553763440860215,7.88888888888889,10,3.7,3,0,124,12.4
"3924",0,0.725806451612903,8.11111111111111,10,4.3,4,0,113,11.3
"3925",0,0.736559139784946,4.11111111111111,10,7.2,5,2,122,14.2
"3926",0,0.596774193548387,7.16666666666667,10,2.5,6,0,136,13.6
"3927",0,0.666666666666667,15.4444444444444,8.7,3.1,7,0,143,14.3
"3928",0,0.435483870967742,8.83333333333333,9.9,8.2,1,0,118,11.8
"3929",0,0.5,8.44444444444445,10,3.6,2,0,135,13.5
"3930",0,0.672043010752688,14.9444444444444,9.7,2.3,3,0,163,16.3
"3931",0,0.478494623655914,11.5,5.6,6.9,4,3,134,16.4
"3932",0,0.188172043010753,14.3888888888889,4.7,2.4,5,0,86,8.6
"3933",0,0,13.2222222222222,10,7.1,6,0,104,10.4
