"","Apr","Aug","Dec","Feb","Jan","Jul","Jun","Mar","May","Nov","Oct","Sep","Fri","Mon","Sat","Sun","Thur","Tue","Wed","temperature","wind_speed","scaledCollisions","num_collisions"
"1",0,0,0,0,1,0,0,0,0,0,0,0,1,0,0,0,0,0,0,2.5,4.4,0.357843137254902,257
"2",0,0,0,0,1,0,0,0,0,0,0,0,0,0,1,0,0,0,0,5.3,6.2,0.176470588235294,220
"3",0,0,0,0,1,0,0,0,0,0,0,0,0,1,0,0,0,0,0,3.2,5.3,0.284313725490196,242
"4",0,0,0,0,1,0,0,0,0,0,0,0,0,0,0,0,0,1,0,3.6,3.9,0.215686274509804,228
"5",0,0,0,0,1,0,0,0,0,0,0,0,0,0,0,0,0,0,1,3,6.4,0.176470588235294,220
"6",0,0,0,0,1,0,0,0,0,0,0,0,0,0,0,0,1,0,0,1.8,7.2,0.495098039215686,285
"7",0,0,0,0,1,0,0,0,0,0,0,0,1,0,0,0,0,0,0,0,4.5,0.431372549019608,272
"8",0,0,0,0,1,0,0,0,0,0,0,0,0,0,1,0,0,0,0,-0.7,6,0.294117647058824,244
"9",0,0,0,0,1,0,0,0,0,0,0,0,0,1,0,0,0,0,0,0.2,2.7,0.264705882352941,238
"10",0,0,0,0,1,0,0,0,0,0,0,0,0,0,0,0,0,1,0,2.9,3.4,0.465686274509804,279
"11",0,0,0,0,1,0,0,0,0,0,0,0,0,0,0,0,0,0,1,3.8,3,0.299019607843137,245
"12",0,0,0,0,1,0,0,0,0,0,0,0,0,0,0,0,1,0,0,6.1,1.6,0.338235294117647,253
"13",0,0,0,0,1,0,0,0,0,0,0,0,1,0,0,0,0,0,0,5.1,5.7,0.431372549019608,272
"14",0,0,0,0,1,0,0,0,0,0,0,0,0,0,1,0,0,0,0,6.2,7.2,0.397058823529412,265
"15",0,0,0,0,1,0,0,0,0,0,0,0,0,0,0,1,0,0,0,4.1,7.7,0.127450980392157,210
"16",0,0,0,0,1,0,0,0,0,0,0,0,0,1,0,0,0,0,0,5.2,6.1,0.200980392156863,225
"17",0,0,0,0,1,0,0,0,0,0,0,0,0,0,0,0,0,1,0,3.2,5.7,0.377450980392157,261
"18",0,0,0,0,1,0,0,0,0,0,0,0,0,0,0,0,0,0,1,2.6,5.7,0.338235294117647,253
"19",0,0,0,0,1,0,0,0,0,0,0,0,0,0,0,0,1,0,0,0.2,3.9,0.32843137254902,251
"20",0,0,0,0,1,0,0,0,0,0,0,0,1,0,0,0,0,0,0,4.9,5.7,0.343137254901961,254
"21",0,0,0,0,1,0,0,0,0,0,0,0,0,0,1,0,0,0,0,-0.2,9.2,0.32843137254902,251
"22",0,0,0,0,1,0,0,0,0,0,0,0,0,0,0,1,0,0,0,-3.3,9.2,0.137254901960784,212
"23",0,0,0,0,1,0,0,0,0,0,0,0,0,1,0,0,0,0,0,-1.7,5,0.372549019607843,260
"24",0,0,0,0,1,0,0,0,0,0,0,0,0,0,0,0,0,1,0,0.7,6,0.387254901960784,263
"25",0,0,0,0,1,0,0,0,0,0,0,0,0,0,0,0,0,0,1,1.3,5.4,0.382352941176471,262
"26",0,0,0,0,1,0,0,0,0,0,0,0,0,0,0,0,1,0,0,-1.1,7.2,0.382352941176471,262
"27",0,0,0,0,1,0,0,0,0,0,0,0,1,0,0,0,0,0,0,-6.4,12.5,0.524509803921569,291
"28",0,0,0,0,1,0,0,0,0,0,0,0,0,0,1,0,0,0,0,-5.5,7.6,0.490196078431373,284
"29",0,0,0,0,1,0,0,0,0,0,0,0,0,0,0,1,0,0,0,-4.6,4.8,0.553921568627451,297
"30",0,0,0,1,0,0,0,0,0,0,0,0,0,1,0,0,0,0,0,-2.8,11.4,0.269607843137255,239
"31",0,0,0,1,0,0,0,0,0,0,0,0,0,0,0,0,0,1,0,0,8.8,0.264705882352941,238
"32",0,0,0,1,0,0,0,0,0,0,0,0,0,0,0,0,0,0,1,0.1,6.5,0.303921568627451,246
"33",0,0,0,1,0,0,0,0,0,0,0,0,0,0,0,0,1,0,0,1.7,6.7,0.455882352941176,277
"34",0,0,0,1,0,0,0,0,0,0,0,0,1,0,0,0,0,0,0,5.1,3.5,0.696078431372549,326
"35",0,0,0,1,0,0,0,0,0,0,0,0,0,0,1,0,0,0,0,4.1,6.6,0.446078431372549,275
"36",0,0,0,1,0,0,0,0,0,0,0,0,0,0,0,1,0,0,0,2.2,4.5,0.28921568627451,243
"37",0,0,0,1,0,0,0,0,0,0,0,0,0,1,0,0,0,0,0,-4.6,6.3,0.573529411764706,301
"38",0,0,0,1,0,0,0,0,0,0,0,0,0,0,0,0,0,1,0,-1.2,4.3,0.220588235294118,229
"39",0,0,0,1,0,0,0,0,0,0,0,0,0,0,0,0,0,0,1,-1.4,3.9,0.465686274509804,279
"40",0,0,0,1,0,0,0,0,0,0,0,0,0,0,0,0,1,0,0,-1.4,5,0.563725490196078,299
"41",0,0,0,1,0,0,0,0,0,0,0,0,1,0,0,0,0,0,0,-3.4,4.6,0.519607843137255,290
"42",0,0,0,1,0,0,0,0,0,0,0,0,0,0,1,0,0,0,0,-2.5,5.6,0.127450980392157,210
"43",0,0,0,1,0,0,0,0,0,0,0,0,0,0,0,1,0,0,0,-0.4,4.1,0,184
"44",0,0,0,1,0,0,0,0,0,0,0,0,0,1,0,0,0,0,0,0.7,4.9,0.117647058823529,208
"45",0,0,0,1,0,0,0,0,0,0,0,0,0,0,0,0,0,1,0,4.6,6.2,0.142156862745098,213
"46",0,0,0,1,0,0,0,0,0,0,0,0,0,0,0,0,0,0,1,-1.3,7.4,0.269607843137255,239
"47",0,0,0,1,0,0,0,0,0,0,0,0,0,0,0,0,1,0,0,-2.2,6.8,0.352941176470588,256
"48",0,0,0,1,0,0,0,0,0,0,0,0,1,0,0,0,0,0,0,-1.2,7.3,0.0882352941176471,202
"49",0,0,0,1,0,0,0,0,0,0,0,0,0,0,1,0,0,0,0,-0.3,5.5,0.357843137254902,257
"50",0,0,0,1,0,0,0,0,0,0,0,0,0,0,0,1,0,0,0,-1.3,5.8,0.117647058823529,208
"51",0,0,0,1,0,0,0,0,0,0,0,0,0,1,0,0,0,0,0,1.3,3.3,0.299019607843137,245
"52",0,0,0,1,0,0,0,0,0,0,0,0,0,0,0,0,0,1,0,3.8,4.5,0.274509803921569,240
"53",0,0,0,1,0,0,0,0,0,0,0,0,0,0,0,0,0,0,1,7.7,6.4,0.406862745098039,267
"54",0,0,0,1,0,0,0,0,0,0,0,0,0,0,0,0,1,0,0,7.8,8.2,0.416666666666667,269
"55",0,0,0,1,0,0,0,0,0,0,0,0,1,0,0,0,0,0,0,4.5,3.5,0.573529411764706,301
"56",0,0,0,1,0,0,0,0,0,0,0,0,0,0,1,0,0,0,0,6.1,4.5,0.191176470588235,223
"57",0,0,0,1,0,0,0,0,0,0,0,0,0,0,0,1,0,0,0,6.5,4.1,0.137254901960784,212
"58",0,0,0,0,0,0,0,1,0,0,0,0,0,1,0,0,0,0,0,6.3,5.9,0.196078431372549,224
"59",0,0,0,0,0,0,0,1,0,0,0,0,0,0,0,0,0,1,0,-1.6,11.1,0.411764705882353,268
"60",0,0,0,0,0,0,0,1,0,0,0,0,0,0,0,0,0,0,1,4.1,6,0.294117647058824,244
"61",0,0,0,0,0,0,0,1,0,0,0,0,0,0,0,0,1,0,0,5.4,6.8,0.382352941176471,262
"62",0,0,0,0,0,0,0,1,0,0,0,0,1,0,0,0,0,0,0,-1.3,11.1,0.598039215686274,306
"63",0,0,0,0,0,0,0,1,0,0,0,0,0,0,1,0,0,0,0,0.4,8.4,0.32843137254902,251
"64",0,0,0,0,0,0,0,1,0,0,0,0,0,0,0,1,0,0,0,0.4,5.9,0.156862745098039,216
"65",0,0,0,0,0,0,0,1,0,0,0,0,0,1,0,0,0,0,0,0.9,4.2,0.323529411764706,250
"66",0,0,0,0,0,0,0,1,0,0,0,0,0,0,0,0,0,1,0,10.1,6.6,0.563725490196078,299
"67",0,0,0,0,0,0,0,1,0,0,0,0,0,0,0,0,0,0,1,8.9,5.3,0.196078431372549,224
"68",0,0,0,0,0,0,0,1,0,0,0,0,0,0,0,0,1,0,0,12.1,2.6,0.504901960784314,287
"69",0,0,0,0,0,0,0,1,0,0,0,0,1,0,0,0,0,0,0,17.3,6,0.754901960784314,338
"70",0,0,0,0,0,0,0,1,0,0,0,0,0,0,1,0,0,0,0,7.3,7.4,0.333333333333333,252
"71",0,0,0,0,0,0,0,1,0,0,0,0,0,0,0,1,0,0,0,7.4,8,0.294117647058824,244
"72",0,0,0,0,0,0,0,1,0,0,0,0,0,1,0,0,0,0,0,-0.5,9,0.338235294117647,253
"73",0,0,0,0,0,0,0,1,0,0,0,0,0,0,0,0,0,1,0,0.4,3.7,0.259803921568627,237
"74",0,0,0,0,0,0,0,1,0,0,0,0,0,0,0,0,0,0,1,4.2,3,0.28921568627451,243
"75",0,0,0,0,0,0,0,1,0,0,0,0,0,0,0,0,1,0,0,7.4,3.7,0.294117647058824,244
"76",0,0,0,0,0,0,0,1,0,0,0,0,1,0,0,0,0,0,0,3.6,11.3,0.612745098039216,309
"77",0,0,0,0,0,0,0,1,0,0,0,0,0,0,1,0,0,0,0,6.4,3,0.485294117647059,283
"78",0,0,0,0,0,0,0,1,0,0,0,0,0,0,0,1,0,0,0,11.1,2.5,0.377450980392157,261
"79",0,0,0,0,0,0,0,1,0,0,0,0,0,1,0,0,0,0,0,10.3,2.9,0.544117647058823,295
"80",0,0,0,0,0,0,0,1,0,0,0,0,0,0,0,0,0,1,0,11.1,4.1,0.485294117647059,283
"81",0,0,0,0,0,0,0,1,0,0,0,0,0,0,0,0,0,0,1,10.9,4.1,0.411764705882353,268
"82",0,0,0,0,0,0,0,1,0,0,0,0,0,0,0,0,1,0,0,13.1,4.1,0.357843137254902,257
"83",0,0,0,0,0,0,0,1,0,0,0,0,1,0,0,0,0,0,0,17,5.3,0.745098039215686,336
"84",0,0,0,0,0,0,0,1,0,0,0,0,0,0,1,0,0,0,0,14.4,6.6,0.691176470588235,325
"85",0,0,0,0,0,0,0,1,0,0,0,0,0,0,0,1,0,0,0,12.2,3.8,0.0686274509803922,198
"86",0,0,0,0,0,0,0,1,0,0,0,0,0,1,0,0,0,0,0,10.5,10.5,0.274509803921569,240
"87",0,0,0,0,0,0,0,1,0,0,0,0,0,0,0,0,0,1,0,10.3,4.6,0.475490196078431,281
"88",0,0,0,0,0,0,0,1,0,0,0,0,0,0,0,0,0,0,1,13.4,4.8,0.490196078431373,284
"89",1,0,0,0,0,0,0,0,0,0,0,0,0,0,0,0,1,0,0,9.2,7.9,0.387254901960784,263
"90",1,0,0,0,0,0,0,0,0,0,0,0,1,0,0,0,0,0,0,1.7,9.1,0.485294117647059,283
"91",1,0,0,0,0,0,0,0,0,0,0,0,0,0,1,0,0,0,0,4.6,5.9,0.475490196078431,281
"92",1,0,0,0,0,0,0,0,0,0,0,0,0,0,0,1,0,0,0,11.3,3.3,0.367647058823529,259
"93",1,0,0,0,0,0,0,0,0,0,0,0,0,1,0,0,0,0,0,14,6.9,0.411764705882353,268
"94",1,0,0,0,0,0,0,0,0,0,0,0,0,0,0,0,0,1,0,14.2,6.8,0.656862745098039,318
"95",1,0,0,0,0,0,0,0,0,0,0,0,0,0,0,0,0,0,1,15.6,2.5,0.583333333333333,303
"96",1,0,0,0,0,0,0,0,0,0,0,0,0,0,0,0,1,0,0,14.2,3.1,0.617647058823529,310
"97",1,0,0,0,0,0,0,0,0,0,0,0,1,0,0,0,0,0,0,11.5,3.9,0.475490196078431,281
"98",1,0,0,0,0,0,0,0,0,0,0,0,0,0,1,0,0,0,0,14.2,2.4,0.53921568627451,294
"99",1,0,0,0,0,0,0,0,0,0,0,0,0,0,0,1,0,0,0,12.8,4.8,0.151960784313725,215
"100",1,0,0,0,0,0,0,0,0,0,0,0,0,1,0,0,0,0,0,8.7,8,0.392156862745098,264
"101",1,0,0,0,0,0,0,0,0,0,0,0,0,0,0,0,0,1,0,11.3,4.3,0.67156862745098,321
"102",1,0,0,0,0,0,0,0,0,0,0,0,0,0,0,0,0,0,1,14.7,3.2,0.544117647058823,295
"103",1,0,0,0,0,0,0,0,0,0,0,0,0,0,0,0,1,0,0,12.6,3.5,0.42156862745098,270
"104",1,0,0,0,0,0,0,0,0,0,0,0,1,0,0,0,0,0,0,7.8,5.5,0.558823529411765,298
"105",1,0,0,0,0,0,0,0,0,0,0,0,0,0,1,0,0,0,0,9.2,5.4,0.392156862745098,264
"106",1,0,0,0,0,0,0,0,0,0,0,0,0,0,0,1,0,0,0,12.6,2.9,0.362745098039216,258
"107",1,0,0,0,0,0,0,0,0,0,0,0,0,1,0,0,0,0,0,14.9,3,0.666666666666667,320
"108",1,0,0,0,0,0,0,0,0,0,0,0,0,0,0,0,0,1,0,16.8,2.7,0.632352941176471,313
"109",1,0,0,0,0,0,0,0,0,0,0,0,0,0,0,0,0,0,1,14.7,4.7,0.485294117647059,283
"110",1,0,0,0,0,0,0,0,0,0,0,0,0,0,0,0,1,0,0,5.1,10.7,0.333333333333333,252
"111",1,0,0,0,0,0,0,0,0,0,0,0,1,0,0,0,0,0,0,9.7,7.5,0.848039215686274,357
"112",1,0,0,0,0,0,0,0,0,0,0,0,0,0,1,0,0,0,0,15.8,3.7,0.573529411764706,301
"113",1,0,0,0,0,0,0,0,0,0,0,0,0,0,0,1,0,0,0,13.4,3.9,0.436274509803922,273
"114",1,0,0,0,0,0,0,0,0,0,0,0,0,1,0,0,0,0,0,11.1,7.4,0.568627450980392,300
"115",1,0,0,0,0,0,0,0,0,0,0,0,0,0,0,0,0,1,0,12.4,2.7,0.436274509803922,273
"116",1,0,0,0,0,0,0,0,0,0,0,0,0,0,0,0,1,0,0,19.3,1.3,0.686274509803922,324
"117",1,0,0,0,0,0,0,0,0,0,0,0,1,0,0,0,0,0,0,18.4,9.2,0.720588235294118,331
"118",0,0,0,0,0,0,0,0,1,0,0,0,0,0,1,0,0,0,0,11.1,9.3,0.656862745098039,318
"119",0,0,0,0,0,0,0,0,1,0,0,0,0,0,0,1,0,0,0,18.9,5.7,0.715686274509804,330
"120",0,0,0,0,0,0,0,0,1,0,0,0,0,1,0,0,0,0,0,17.2,5.2,0.647058823529412,316
"121",0,0,0,0,0,0,0,0,1,0,0,0,0,0,0,0,0,1,0,14.9,3.8,0.78921568627451,345
"122",0,0,0,0,0,0,0,0,1,0,0,0,0,0,0,0,0,0,1,12.9,3.4,0.759803921568627,339
"123",0,0,0,0,0,0,0,0,1,0,0,0,0,0,0,0,1,0,0,13.9,5.9,0.759803921568627,339
"124",0,0,0,0,0,0,0,0,1,0,0,0,1,0,0,0,0,0,0,14.3,3.7,0.661764705882353,319
"125",0,0,0,0,0,0,0,0,1,0,0,0,0,0,1,0,0,0,0,11,2.9,0.593137254901961,305
"126",0,0,0,0,0,0,0,0,1,0,0,0,0,0,0,0,0,1,0,13.8,4.6,0.696078431372549,326
"127",0,0,0,0,0,0,0,0,1,0,0,0,0,0,0,0,0,0,1,13.7,6.9,0.71078431372549,329
"128",0,0,0,0,0,0,0,0,1,0,0,0,0,0,0,0,1,0,0,15.9,2.5,0.656862745098039,318
"129",0,0,0,0,0,0,0,0,1,0,0,0,0,0,1,0,0,0,0,19.3,3.4,0.67156862745098,321
"130",0,0,0,0,0,0,0,0,1,0,0,0,0,0,0,1,0,0,0,19.3,2.5,0.75,337
"131",0,0,0,0,0,0,0,0,1,0,0,0,0,1,0,0,0,0,0,19,2.1,0.666666666666667,320
"132",0,0,0,0,0,0,0,0,1,0,0,0,0,0,0,0,0,1,0,21.3,4.4,0.931372549019608,374
"133",0,0,0,0,0,0,0,0,1,0,0,0,0,0,0,0,0,0,1,24.1,4.5,0.799019607843137,347
"134",0,0,0,0,0,0,0,0,1,0,0,0,0,0,0,0,1,0,0,20.2,2.6,0.985294117647059,385
"135",0,0,0,0,0,0,0,0,1,0,0,0,1,0,0,0,0,0,0,19.3,1.5,0.980392156862745,384
"136",0,0,0,0,0,0,0,0,1,0,0,0,0,0,1,0,0,0,0,24.3,2.2,0.950980392156863,378
"137",0,0,0,0,0,0,0,0,1,0,0,0,0,0,0,1,0,0,0,26.7,5.5,0.715686274509804,330
"138",0,0,0,0,0,0,0,0,1,0,0,0,0,1,0,0,0,0,0,18.4,6,0.676470588235294,322
"139",0,0,0,0,0,0,0,0,1,0,0,0,0,0,0,0,0,1,0,17.8,4.1,0.833333333333333,354
"140",0,0,0,0,0,0,0,0,1,0,0,0,0,0,0,0,0,0,1,22.7,3.5,0.730392156862745,333
"141",0,0,0,0,0,0,0,0,1,0,0,0,1,0,0,0,0,0,0,16.8,7.2,0.852941176470588,358
"142",0,0,0,0,0,0,1,0,0,0,0,0,0,0,0,0,0,1,0,18.2,0.9,0.838235294117647,355
"143",0,0,0,0,0,0,1,0,0,0,0,0,0,0,0,0,0,0,1,19.8,2.5,0.759803921568627,339
"144",0,0,0,0,0,0,1,0,0,0,0,0,0,0,0,0,1,0,0,18.6,1,0.509803921568627,288
"145",0,0,0,0,0,0,1,0,0,0,0,0,1,0,0,0,0,0,0,21.2,2.5,0.720588235294118,331
"146",0,0,0,0,0,0,1,0,0,0,0,0,0,0,1,0,0,0,0,23.8,4.1,0.887254901960784,365
"147",0,0,0,0,0,0,1,0,0,0,0,0,0,0,0,1,0,0,0,28.6,2.7,0.897058823529412,367
"148",0,0,0,0,0,0,1,0,0,0,0,0,0,1,0,0,0,0,0,27.5,2.6,0.965686274509804,381
"149",0,0,0,0,0,0,1,0,0,0,0,0,0,0,0,0,0,1,0,27,2.6,0.838235294117647,355
"150",0,0,0,0,0,0,1,0,0,0,0,0,0,0,0,0,0,0,1,25.9,2.4,0.82843137254902,353
"151",0,0,0,0,0,0,1,0,0,0,0,0,0,0,0,0,1,0,0,25.7,4.9,0.911764705882353,370
"152",0,0,0,0,0,0,1,0,0,0,0,0,1,0,0,0,0,0,0,18.8,4.6,0.779411764705882,343
"153",0,0,0,0,0,0,1,0,0,0,0,0,0,0,1,0,0,0,0,19,4.2,0.700980392156863,327
"154",0,0,0,0,0,0,1,0,0,0,0,0,0,0,0,1,0,0,0,19.3,1.9,0.715686274509804,330
"155",0,0,0,0,0,0,1,0,0,0,0,0,0,1,0,0,0,0,0,19.9,2,0.71078431372549,329
"156",0,0,0,0,0,0,1,0,0,0,0,0,0,0,0,0,0,1,0,22.2,3.1,0.906862745098039,369
"157",0,0,0,0,0,0,1,0,0,0,0,0,0,0,0,0,0,0,1,20.8,3.8,0.911764705882353,370
"158",0,0,0,0,0,0,1,0,0,0,0,0,0,0,0,0,1,0,0,20.5,3.8,1,388
"159",0,0,0,0,0,0,1,0,0,0,0,0,1,0,0,0,0,0,0,23.2,3.6,0.995098039215686,387
"160",0,0,0,0,0,0,1,0,0,0,0,0,0,0,1,0,0,0,0,24.3,4.4,0.92156862745098,372
"161",0,0,0,0,0,0,1,0,0,0,0,0,0,0,0,1,0,0,0,24.1,2.5,0.681372549019608,323
"162",0,0,0,0,0,0,1,0,0,0,0,0,0,1,0,0,0,0,0,26.7,2.5,0.867647058823529,361
"163",0,0,0,0,0,0,1,0,0,0,0,0,0,0,0,0,0,1,0,22.3,4.2,0.519607843137255,290
"164",0,0,0,0,0,0,1,0,0,0,0,0,0,0,0,0,0,0,1,18.3,4.3,0.82843137254902,353
"165",0,0,0,0,0,0,1,0,0,0,0,0,0,0,0,0,1,0,0,20.3,2.8,0.980392156862745,384
"166",0,0,0,0,0,0,1,0,0,0,0,0,1,0,0,0,0,0,0,20.8,2.6,0.965686274509804,381
"167",0,0,0,0,0,0,1,0,0,0,0,0,0,0,1,0,0,0,0,23.7,2.4,0.936274509803922,375
"168",0,0,0,0,0,0,1,0,0,0,0,0,0,0,0,1,0,0,0,26.4,3.8,0.725490196078431,332
"169",0,0,0,0,0,0,1,0,0,0,0,0,0,1,0,0,0,0,0,28.4,4.1,0.955882352941177,379
"170",0,0,0,0,0,0,1,0,0,0,0,0,0,0,0,0,0,1,0,30,4.2,0.813725490196078,350
"171",0,0,0,0,0,0,1,0,0,0,0,0,0,0,0,0,0,0,1,31.3,4.3,0.867647058823529,361
"172",0,0,0,0,0,1,0,0,0,0,0,0,0,0,0,0,1,0,0,24.4,2.1,0.661764705882353,319
"173",0,0,0,0,0,1,0,0,0,0,0,0,1,0,0,0,0,0,0,22.6,1.9,0.730392156862745,333
"174",0,0,0,0,0,1,0,0,0,0,0,0,0,0,1,0,0,0,0,17.6,6.3,0.524509803921569,291
"175",0,0,0,0,0,1,0,0,0,0,0,0,0,0,0,1,0,0,0,19.7,2.4,0.514705882352941,289
"176",0,0,0,0,0,1,0,0,0,0,0,0,0,1,0,0,0,0,0,23.3,2.5,0.676470588235294,322
"177",0,0,0,0,0,1,0,0,0,0,0,0,0,0,0,0,0,1,0,26.7,5.6,0.696078431372549,326
"178",0,0,0,0,0,1,0,0,0,0,0,0,0,0,0,0,0,0,1,26.6,2.4,0.686274509803922,324
"179",0,0,0,0,0,1,0,0,0,0,0,0,0,0,0,0,1,0,0,26.1,4.2,0.593137254901961,305
"180",0,0,0,0,0,1,0,0,0,0,0,0,1,0,0,0,0,0,0,24.1,3.6,0.794117647058823,346
"181",0,0,0,0,0,1,0,0,0,0,0,0,0,0,1,0,0,0,0,22.8,2.7,0.534313725490196,293
"182",0,0,0,0,0,1,0,0,0,0,0,0,0,0,0,1,0,0,0,22.6,1.7,0.387254901960784,263
"183",0,0,0,0,0,1,0,0,0,0,0,0,0,1,0,0,0,0,0,25.2,3,0.583333333333333,303
"184",0,0,0,0,0,1,0,0,0,0,0,0,0,0,0,0,0,1,0,21.7,6.1,0.558823529411765,298
"185",0,0,0,0,0,1,0,0,0,0,0,0,0,0,0,0,0,0,1,24,3.2,0.720588235294118,331
"186",0,0,0,0,0,1,0,0,0,0,0,0,0,0,0,0,1,0,0,27.1,1.9,0.92156862745098,372
"187",0,0,0,0,0,1,0,0,0,0,0,0,1,0,0,0,0,0,0,28.9,2.9,0.813725490196078,350
"188",0,0,0,0,0,1,0,0,0,0,0,0,0,0,1,0,0,0,0,27.6,1.4,0.759803921568627,339
"189",0,0,0,0,0,1,0,0,0,0,0,0,0,0,0,1,0,0,0,24.7,3.9,0.617647058823529,310
"190",0,0,0,0,0,1,0,0,0,0,0,0,0,1,0,0,0,0,0,23.7,4.1,0.705882352941177,328
"191",0,0,0,0,0,1,0,0,0,0,0,0,0,0,0,0,0,1,0,25.9,2.3,0.5,286
"192",0,0,0,0,0,1,0,0,0,0,0,0,0,0,0,0,0,0,1,25.3,1.9,0.715686274509804,330
"193",0,0,0,0,0,1,0,0,0,0,0,0,0,0,0,0,1,0,0,23.3,2.8,0.71078431372549,329
"194",0,0,0,0,0,1,0,0,0,0,0,0,1,0,0,0,0,0,0,23.1,2.6,0.686274509803922,324
"195",0,0,0,0,0,1,0,0,0,0,0,0,0,0,1,0,0,0,0,23.6,2,0.75,337
"196",0,0,0,0,0,1,0,0,0,0,0,0,0,0,0,1,0,0,0,23.8,1.8,0.676470588235294,322
"197",0,0,0,0,0,1,0,0,0,0,0,0,0,1,0,0,0,0,0,26.7,2.2,0.857843137254902,359
"198",0,0,0,0,0,1,0,0,0,0,0,0,0,0,0,0,0,1,0,27.4,2.4,0.656862745098039,318
"199",0,0,0,0,0,1,0,0,0,0,0,0,0,0,0,0,0,0,1,23.8,3.9,0.568627450980392,300
"200",0,0,0,0,0,1,0,0,0,0,0,0,0,0,0,0,1,0,0,22.9,2.7,0.661764705882353,319
"201",0,0,0,0,0,1,0,0,0,0,0,0,0,0,1,0,0,0,0,20.6,3.4,0.82843137254902,353
"202",0,1,0,0,0,0,0,0,0,0,0,0,0,0,0,1,0,0,0,21.8,1.8,0.583333333333333,303
"203",0,1,0,0,0,0,0,0,0,0,0,0,0,1,0,0,0,0,0,21.4,3.6,0.691176470588235,325
"204",0,1,0,0,0,0,0,0,0,0,0,0,0,0,0,0,0,1,0,22.2,1.9,0.632352941176471,313
"205",0,1,0,0,0,0,0,0,0,0,0,0,0,0,0,0,0,0,1,22.2,3,0.524509803921569,291
"206",0,1,0,0,0,0,0,0,0,0,0,0,0,0,0,0,1,0,0,22.8,4.3,0.588235294117647,304
"207",0,1,0,0,0,0,0,0,0,0,0,0,1,0,0,0,0,0,0,25.2,2.5,0.838235294117647,355
"208",0,1,0,0,0,0,0,0,0,0,0,0,0,0,1,0,0,0,0,25.9,3.9,0.735294117647059,334
"209",0,1,0,0,0,0,0,0,0,0,0,0,0,0,0,1,0,0,0,22.4,5.6,0.637254901960784,314
"210",0,1,0,0,0,0,0,0,0,0,0,0,0,1,0,0,0,0,0,22.6,5.1,0.759803921568627,339
"211",0,1,0,0,0,0,0,0,0,0,0,0,0,0,0,0,0,1,0,24.8,1.7,0.720588235294118,331
"212",0,1,0,0,0,0,0,0,0,0,0,0,0,0,0,0,0,0,1,26.2,2.5,0.647058823529412,316
"213",0,1,0,0,0,0,0,0,0,0,0,0,0,0,0,0,1,0,0,27.2,3.5,0.686274509803922,324
"214",0,1,0,0,0,0,0,0,0,0,0,0,1,0,0,0,0,0,0,29.6,2,0.852941176470588,358
"215",0,1,0,0,0,0,0,0,0,0,0,0,0,0,1,0,0,0,0,28.9,2.7,0.57843137254902,302
"216",0,1,0,0,0,0,0,0,0,0,0,0,0,0,0,1,0,0,0,24.9,4,0.637254901960784,314
"217",0,1,0,0,0,0,0,0,0,0,0,0,0,1,0,0,0,0,0,23.6,2.2,0.573529411764706,301
"218",0,1,0,0,0,0,0,0,0,0,0,0,0,0,0,0,0,1,0,24.2,2,0.5,286
"219",0,1,0,0,0,0,0,0,0,0,0,0,0,0,0,0,0,0,1,25.2,1.8,0.735294117647059,334
"220",0,1,0,0,0,0,0,0,0,0,0,0,0,0,0,0,1,0,0,26.4,3.7,0.5,286
"221",0,1,0,0,0,0,0,0,0,0,0,0,1,0,0,0,0,0,0,25.8,2.8,0.691176470588235,325
"222",0,1,0,0,0,0,0,0,0,0,0,0,0,0,1,0,0,0,0,25.4,1.4,0.67156862745098,321
"223",0,1,0,0,0,0,0,0,0,0,0,0,0,0,0,1,0,0,0,23.3,4.2,0.357843137254902,257
"224",0,1,0,0,0,0,0,0,0,0,0,0,0,1,0,0,0,0,0,23.6,4.6,0.534313725490196,293
"225",0,1,0,0,0,0,0,0,0,0,0,0,0,0,0,0,0,1,0,26.6,2.6,0.725490196078431,332
"226",0,1,0,0,0,0,0,0,0,0,0,0,0,0,0,0,0,0,1,27.7,1.5,0.745098039215686,336
"227",0,1,0,0,0,0,0,0,0,0,0,0,0,0,0,0,1,0,0,28.8,2.1,0.779411764705882,343
"228",0,1,0,0,0,0,0,0,0,0,0,0,1,0,0,0,0,0,0,27.9,2.6,0.808823529411765,349
"229",0,1,0,0,0,0,0,0,0,0,0,0,0,0,1,0,0,0,0,23.8,5.3,0.583333333333333,303
"230",0,1,0,0,0,0,0,0,0,0,0,0,0,0,0,1,0,0,0,21.7,3.4,0.852941176470588,358
"231",0,1,0,0,0,0,0,0,0,0,0,0,0,1,0,0,0,0,0,25.3,1.4,0.681372549019608,323
"232",0,1,0,0,0,0,0,0,0,0,0,0,0,0,0,0,0,1,0,26.2,2.9,0.617647058823529,310
"233",0,0,0,0,0,0,0,0,0,0,0,1,0,0,0,0,0,0,1,22.8,5.5,0.661764705882353,319
"234",0,0,0,0,0,0,0,0,0,0,0,1,0,0,0,0,1,0,0,19.8,7.2,0.887254901960784,365
"235",0,0,0,0,0,0,0,0,0,0,0,1,1,0,0,0,0,0,0,19.3,3,0.823529411764706,352
"236",0,0,0,0,0,0,0,0,0,0,0,1,0,0,1,0,0,0,0,20.4,2.2,0.769607843137255,341
"237",0,0,0,0,0,0,0,0,0,0,0,1,0,0,0,1,0,0,0,21.5,1.5,0.534313725490196,293
"238",0,0,0,0,0,0,0,0,0,0,0,1,0,1,0,0,0,0,0,23.4,4.7,0.563725490196078,299
"239",0,0,0,0,0,0,0,0,0,0,0,1,0,0,0,0,0,1,0,22.2,2.1,0.75,337
"240",0,0,0,0,0,0,0,0,0,0,0,1,0,0,0,0,0,0,1,24,2.5,0.735294117647059,334
"241",0,0,0,0,0,0,0,0,0,0,0,1,0,0,0,0,1,0,0,22,6.7,0.53921568627451,294
"242",0,0,0,0,0,0,0,0,0,0,0,1,1,0,0,0,0,0,0,20.3,5.8,0.823529411764706,352
"243",0,0,0,0,0,0,0,0,0,0,0,1,0,0,1,0,0,0,0,20.1,1.8,0.730392156862745,333
"244",0,0,0,0,0,0,0,0,0,0,0,1,0,0,0,1,0,0,0,22.8,3.2,0.67156862745098,321
"245",0,0,0,0,0,0,0,0,0,0,0,1,0,1,0,0,0,0,0,25.7,4.2,0.950980392156863,378
"246",0,0,0,0,0,0,0,0,0,0,0,1,0,0,0,0,0,1,0,22.7,1.6,0.774509803921569,342
"247",0,0,0,0,0,0,0,0,0,0,0,1,0,0,0,0,0,0,1,25.1,7.2,0.843137254901961,356
"248",0,0,0,0,0,0,0,0,0,0,0,1,0,0,0,0,1,0,0,23.1,9.8,0.416666666666667,269
"249",0,0,0,0,0,0,0,0,0,0,0,1,1,0,0,0,0,0,0,22.3,11.2,0.936274509803922,375
"250",0,0,0,0,0,0,0,0,0,0,0,1,0,0,1,0,0,0,0,24.1,6,0.661764705882353,319
"251",0,0,0,0,0,0,0,0,0,0,0,1,0,0,0,1,0,0,0,22.1,7.8,0.656862745098039,318
"252",0,0,0,0,0,0,0,0,0,0,0,1,0,1,0,0,0,0,0,20.1,5.4,0.651960784313726,317
"253",0,0,0,0,0,0,0,0,0,0,0,1,0,0,0,0,0,1,0,20.3,7.5,0.622549019607843,311
"254",0,0,0,0,0,0,0,0,0,0,0,1,0,0,0,0,0,0,1,23.2,9.6,0.514705882352941,289
"255",0,0,0,0,0,0,0,0,0,0,0,1,0,0,0,0,1,0,0,24.3,4.2,0.661764705882353,319
"256",0,0,0,0,0,0,0,0,0,0,0,1,1,0,0,0,0,0,0,18.4,4.5,0.975490196078431,383
"257",0,0,0,0,0,0,0,0,0,0,0,1,0,0,1,0,0,0,0,18.9,0.9,0.852941176470588,358
"258",0,0,0,0,0,0,0,0,0,0,0,1,0,0,0,1,0,0,0,19,4.2,0.637254901960784,314
"259",0,0,0,0,0,0,0,0,0,0,0,1,0,1,0,0,0,0,0,20.2,10.6,0.691176470588235,325
"260",0,0,0,0,0,0,0,0,0,0,0,1,0,0,0,0,0,1,0,20.4,8.8,0.549019607843137,296
"261",0,0,0,0,0,0,0,0,0,0,0,1,0,0,0,0,0,0,1,16.8,10,0.779411764705882,343
"262",0,0,0,0,0,0,0,0,0,0,0,1,0,0,0,0,1,0,0,16.4,7.9,0.784313725490196,344
"263",0,0,0,0,0,0,0,0,0,0,1,0,1,0,0,0,0,0,0,14.8,7,0.985294117647059,385
"264",0,0,0,0,0,0,0,0,0,0,1,0,0,0,1,0,0,0,0,17.7,6.3,0.808823529411765,349
"265",0,0,0,0,0,0,0,0,0,0,1,0,0,0,0,1,0,0,0,20.8,4.8,0.705882352941177,328
"266",0,0,0,0,0,0,0,0,0,0,1,0,0,1,0,0,0,0,0,20.7,7.9,0.519607843137255,290
"267",0,0,0,0,0,0,0,0,0,0,1,0,0,0,0,0,0,1,0,16.7,2,0.656862745098039,318
"268",0,0,0,0,0,0,0,0,0,0,1,0,0,0,0,0,0,0,1,17.8,1.7,0.42156862745098,270
"269",0,0,0,0,0,0,0,0,0,0,1,0,0,0,0,0,1,0,0,19.2,0.9,0.901960784313726,368
"270",0,0,0,0,0,0,0,0,0,0,1,0,1,0,0,0,0,0,0,19.6,2.1,0.867647058823529,361
"271",0,0,0,0,0,0,0,0,0,0,1,0,0,0,1,0,0,0,0,18,6.7,0.411764705882353,268
"272",0,0,0,0,0,0,0,0,0,0,1,0,0,0,0,1,0,0,0,17.2,8.9,0.416666666666667,269
"273",0,0,0,0,0,0,0,0,0,0,1,0,0,1,0,0,0,0,0,18.2,7,0.553921568627451,297
"274",0,0,0,0,0,0,0,0,0,0,1,0,0,0,0,0,0,1,0,18.3,2.6,0.67156862745098,321
"275",0,0,0,0,0,0,0,0,0,0,1,0,0,0,0,0,0,0,1,18.6,0.8,0.627450980392157,312
"276",0,0,0,0,0,0,0,0,0,0,1,0,0,0,0,0,1,0,0,20.2,2.7,0.82843137254902,353
"277",0,0,0,0,0,0,0,0,0,0,1,0,1,0,0,0,0,0,0,20.8,1.6,0.965686274509804,381
"278",0,0,0,0,0,0,0,0,0,0,1,0,0,0,1,0,0,0,0,21.1,3.7,0.759803921568627,339
"279",0,0,0,0,0,0,0,0,0,0,1,0,0,0,0,1,0,0,0,14.1,5.7,0.661764705882353,319
"280",0,0,0,0,0,0,0,0,0,0,1,0,0,1,0,0,0,0,0,11.8,5.8,0.656862745098039,318
"281",0,0,0,0,0,0,0,0,0,0,1,0,0,0,0,0,0,1,0,12.3,4.8,0.57843137254902,302
"282",0,0,0,0,0,0,0,0,0,0,1,0,0,0,0,0,0,0,1,17.9,3.5,0.887254901960784,365
"283",0,0,0,0,0,0,0,0,0,0,1,0,0,0,0,0,1,0,0,19.2,3,0.916666666666667,371
"284",0,0,0,0,0,0,0,0,0,0,1,0,1,0,0,0,0,0,0,18.2,4,0.965686274509804,381
"285",0,0,0,0,0,0,0,0,0,0,1,0,0,0,1,0,0,0,0,12.9,2.6,0.627450980392157,312
"286",0,0,0,0,0,0,0,0,0,0,1,0,0,1,0,0,0,0,0,17.4,2.2,0.715686274509804,330
"287",0,0,0,0,0,0,0,0,0,0,1,0,0,0,0,0,0,1,0,15.7,5.2,0.681372549019608,323
"288",0,0,0,0,0,0,0,0,0,0,1,0,0,0,0,0,0,0,1,14.1,7.4,0.681372549019608,323
"289",0,0,0,0,0,0,0,0,0,0,1,0,0,0,0,0,1,0,0,11.9,4.3,0.784313725490196,344
"290",0,0,0,0,0,0,0,0,0,0,1,0,1,0,0,0,0,0,0,11.7,6.8,0.848039215686274,357
"291",0,0,0,0,0,0,0,0,0,0,1,0,0,0,1,0,0,0,0,14.1,6.3,0.823529411764706,352
"292",0,0,0,0,0,0,0,0,0,0,1,0,0,0,0,1,0,0,0,14.6,3.4,0.872549019607843,362
"293",0,0,0,0,0,0,0,0,0,1,0,0,0,1,0,0,0,0,0,13.2,5.1,0.720588235294118,331
"294",0,0,0,0,0,0,0,0,0,1,0,0,0,0,0,0,0,1,0,10.4,2.1,0.450980392156863,276
"295",0,0,0,0,0,0,0,0,0,1,0,0,0,0,0,0,0,0,1,7.7,3.5,0.67156862745098,321
"296",0,0,0,0,0,0,0,0,0,1,0,0,0,0,0,0,1,0,0,6.9,3.2,0.651960784313726,317
"297",0,0,0,0,0,0,0,0,0,1,0,0,1,0,0,0,0,0,0,7.1,3.4,0.990196078431373,386
"298",0,0,0,0,0,0,0,0,0,1,0,0,0,0,1,0,0,0,0,7.7,2.5,0.740196078431373,335
"299",0,0,0,0,0,0,0,0,0,1,0,0,0,0,0,1,0,0,0,8.1,2.2,0.397058823529412,265
"300",0,0,0,0,0,0,0,0,0,1,0,0,0,1,0,0,0,0,0,11.8,2.8,0.71078431372549,329
"301",0,0,0,0,0,0,0,0,0,1,0,0,0,0,0,0,0,1,0,14.4,2.4,0.700980392156863,327
"302",0,0,0,0,0,0,0,0,0,1,0,0,0,0,0,0,0,0,1,15.3,2.3,0.794117647058823,346
"303",0,0,0,0,0,0,0,0,0,1,0,0,0,0,0,0,1,0,0,11.3,3.2,0.529411764705882,292
"304",0,0,0,0,0,0,0,0,0,1,0,0,1,0,0,0,0,0,0,16.4,5.6,0.82843137254902,353
"305",0,0,0,0,0,0,0,0,0,1,0,0,0,0,1,0,0,0,0,11.3,3.4,0.740196078431373,335
"306",0,0,0,0,0,0,0,0,0,1,0,0,0,0,0,1,0,0,0,5.9,3.6,0.416666666666667,269
"307",0,0,0,0,0,0,0,0,0,1,0,0,0,1,0,0,0,0,0,6.4,5.2,0.779411764705882,343
"308",0,0,0,0,0,0,0,0,0,1,0,0,0,0,0,0,0,1,0,5.7,5.8,0.642156862745098,315
"309",0,0,0,0,0,0,0,0,0,1,0,0,0,0,0,0,0,0,1,8.2,1.8,0.651960784313726,317
"310",0,0,0,0,0,0,0,0,0,1,0,0,0,0,0,0,1,0,0,15.3,4.1,0.818627450980392,351
"311",0,0,0,0,0,0,0,0,0,1,0,0,1,0,0,0,0,0,0,8.2,7.7,0.808823529411765,349
"312",0,0,0,0,0,0,0,0,0,1,0,0,0,0,1,0,0,0,0,5.1,3.3,0.593137254901961,305
"313",0,0,0,0,0,0,0,0,0,1,0,0,0,0,0,1,0,0,0,9.2,2.9,0.436274509803922,273
"314",0,0,0,0,0,0,0,0,0,1,0,0,0,1,0,0,0,0,0,9.9,5.1,0.637254901960784,314
"315",0,0,0,0,0,0,0,0,0,1,0,0,0,0,0,0,0,1,0,2.6,7.5,0.764705882352941,340
"316",0,0,0,0,0,0,0,0,0,1,0,0,0,0,0,0,0,0,1,2.3,4.2,0.901960784313726,368
"317",0,0,0,0,0,0,0,0,0,1,0,0,0,0,0,0,1,0,0,7.9,3,0.161764705882353,217
"318",0,0,0,0,0,0,0,0,0,1,0,0,1,0,0,0,0,0,0,7.4,5.7,0.377450980392157,261
"319",0,0,0,0,0,0,0,0,0,1,0,0,0,0,1,0,0,0,0,2.6,8.4,0.392156862745098,264
"320",0,0,0,0,0,0,0,0,0,1,0,0,0,0,0,1,0,0,0,2.3,2.2,0.426470588235294,271
"321",0,0,0,0,0,0,0,0,0,1,0,0,0,1,0,0,0,0,0,4.1,4.9,0.681372549019608,323
"322",0,0,0,0,0,0,0,0,0,1,0,0,0,0,0,0,0,1,0,2.1,4.3,0.480392156862745,282
"323",0,0,1,0,0,0,0,0,0,0,0,0,0,0,0,0,0,0,1,6.3,4,0.401960784313726,266
"324",0,0,1,0,0,0,0,0,0,0,0,0,0,0,0,0,1,0,0,10.9,4.2,0.661764705882353,319
"325",0,0,1,0,0,0,0,0,0,0,0,0,1,0,0,0,0,0,0,7.9,7.5,0.779411764705882,343
"326",0,0,1,0,0,0,0,0,0,0,0,0,0,0,1,0,0,0,0,5.3,3,0.46078431372549,278
"327",0,0,1,0,0,0,0,0,0,0,0,0,0,0,0,1,0,0,0,6.3,1.9,0.348039215686274,255
"328",0,0,1,0,0,0,0,0,0,0,0,0,0,1,0,0,0,0,0,10.9,4.1,0.78921568627451,345
"329",0,0,1,0,0,0,0,0,0,0,0,0,0,0,0,0,0,1,0,5.4,6.1,0.67156862745098,321
"330",0,0,1,0,0,0,0,0,0,0,0,0,0,0,0,0,0,0,1,3.7,4,0.504901960784314,287
"331",0,0,1,0,0,0,0,0,0,0,0,0,0,0,0,0,1,0,0,1.6,5.1,0.485294117647059,283
"332",0,0,1,0,0,0,0,0,0,0,0,0,1,0,0,0,0,0,0,6.2,3.1,0.573529411764706,301
"333",0,0,1,0,0,0,0,0,0,0,0,0,0,0,1,0,0,0,0,11.8,3.2,0.602941176470588,307
"334",0,0,1,0,0,0,0,0,0,0,0,0,0,0,0,1,0,0,0,9.9,7.6,0.401960784313726,266
"335",0,0,1,0,0,0,0,0,0,0,0,0,0,1,0,0,0,0,0,7.3,6.6,0.57843137254902,302
"336",0,0,1,0,0,0,0,0,0,0,0,0,0,0,0,0,0,1,0,8.9,4.7,0.676470588235294,322
"337",0,0,1,0,0,0,0,0,0,0,0,0,0,0,0,0,0,0,1,8,4.8,0.495098039215686,285
"338",0,0,1,0,0,0,0,0,0,0,0,0,0,0,0,0,1,0,0,13.7,6.5,0.651960784313726,317
"339",0,0,1,0,0,0,0,0,0,0,0,0,1,0,0,0,0,0,0,14.4,6.5,0.593137254901961,305
"340",0,0,1,0,0,0,0,0,0,0,0,0,0,0,1,0,0,0,0,6.7,3.9,0.720588235294118,331
"341",0,0,1,0,0,0,0,0,0,0,0,0,0,0,0,1,0,0,0,4.9,4.8,0.524509803921569,291
"342",0,0,1,0,0,0,0,0,0,0,0,0,0,1,0,0,0,0,0,-0.9,4.5,0.529411764705882,292
"343",0,0,1,0,0,0,0,0,0,0,0,0,0,0,0,0,0,1,0,2.4,4.2,0.352941176470588,256
"344",0,0,1,0,0,0,0,0,0,0,0,0,0,0,0,0,0,0,1,5.1,5.4,0.46078431372549,278
"345",0,0,1,0,0,0,0,0,0,0,0,0,0,0,0,0,1,0,0,0.7,5.5,0.57843137254902,302
"346",0,0,1,0,0,0,0,0,0,0,0,0,1,0,0,0,0,0,0,1.6,3.4,0.475490196078431,281
"347",0,0,1,0,0,0,0,0,0,0,0,0,0,0,1,0,0,0,0,4.7,3,0.0245098039215686,189
"348",0,0,1,0,0,0,0,0,0,0,0,0,0,0,0,1,0,0,0,8.2,7.6,0.00980392156862745,186
"349",0,0,1,0,0,0,0,0,0,0,0,0,0,1,0,0,0,0,0,3,4.9,0.112745098039216,207
"350",0,0,1,0,0,0,0,0,0,0,0,0,0,0,0,0,0,1,0,4.4,4.1,0.181372549019608,221
"351",0,0,1,0,0,0,0,0,0,0,0,0,0,0,0,0,0,0,1,5.9,5,0.0392156862745098,192
"352",0,0,1,0,0,0,0,0,0,0,0,0,0,0,0,0,1,0,0,7.2,2.8,0.191176470588235,223
"353",0,0,1,0,0,0,0,0,0,0,0,0,1,0,0,0,0,0,0,10.1,2,0.235294117647059,232
"354",0,0,0,0,1,0,0,0,0,0,0,0,0,0,1,0,0,0,0,11.3,1.9,0.556756756756757,283
"355",0,0,0,0,1,0,0,0,0,0,0,0,0,0,0,1,0,0,0,11.8,4.1,0.00540540540540541,181
"356",0,0,0,0,1,0,0,0,0,0,0,0,0,1,0,0,0,0,0,0,8.5,0.151351351351351,208
"357",0,0,0,0,1,0,0,0,0,0,0,0,0,0,0,0,0,1,0,-3.7,5.7,0.405405405405405,255
"358",0,0,0,0,1,0,0,0,0,0,0,0,0,0,0,0,0,0,1,3.1,4.2,0.681081081081081,306
"359",0,0,0,0,1,0,0,0,0,0,0,0,0,0,0,0,1,0,0,3.7,6.1,0.286486486486487,233
"360",0,0,0,0,1,0,0,0,0,0,0,0,1,0,0,0,0,0,0,-0.5,6.9,0.627027027027027,296
"361",0,0,0,0,1,0,0,0,0,0,0,0,0,0,1,0,0,0,0,-3.8,6.3,0.302702702702703,236
"362",0,0,0,0,1,0,0,0,0,0,0,0,0,0,0,1,0,0,0,1.1,6.2,0.291891891891892,234
"363",0,0,0,0,1,0,0,0,0,0,0,0,0,1,0,0,0,0,0,0.4,7.7,0.459459459459459,265
"364",0,0,0,0,1,0,0,0,0,0,0,0,0,0,0,0,0,1,0,-6.9,7.2,0.416216216216216,257
"365",0,0,0,0,1,0,0,0,0,0,0,0,0,0,0,0,0,0,1,-2.3,4.7,0.378378378378378,250
"366",0,0,0,0,1,0,0,0,0,0,0,0,0,0,0,0,1,0,0,4.2,2.7,0.475675675675676,268
"367",0,0,0,0,1,0,0,0,0,0,0,0,1,0,0,0,0,0,0,4.1,6.4,0.589189189189189,289
"368",0,0,0,0,1,0,0,0,0,0,0,0,0,0,1,0,0,0,0,-7.7,6.3,0.302702702702703,236
"369",0,0,0,0,1,0,0,0,0,0,0,0,0,0,0,1,0,0,0,-8.2,6.7,0.464864864864865,266
"370",0,0,0,0,1,0,0,0,0,0,0,0,0,1,0,0,0,0,0,3.1,9.6,0.124324324324324,203
"371",0,0,0,0,1,0,0,0,0,0,0,0,0,0,0,0,0,1,0,0.8,8.9,0.421621621621622,258
"372",0,0,0,0,1,0,0,0,0,0,0,0,0,0,0,0,0,0,1,3,4.7,0.405405405405405,255
"373",0,0,0,0,1,0,0,0,0,0,0,0,0,0,0,0,1,0,0,3.8,6.3,0.356756756756757,246
"374",0,0,0,0,1,0,0,0,0,0,0,0,1,0,0,0,0,0,0,-7.1,6.9,0.583783783783784,288
"375",0,0,0,0,1,0,0,0,0,0,0,0,0,0,1,0,0,0,0,-6.4,5.2,0.47027027027027,267
"376",0,0,0,0,1,0,0,0,0,0,0,0,0,0,0,1,0,0,0,-1.6,5.3,0.264864864864865,229
"377",0,0,0,0,1,0,0,0,0,0,0,0,0,1,0,0,0,0,0,-0.8,3.4,0.313513513513514,238
"378",0,0,0,0,1,0,0,0,0,0,0,0,0,0,0,0,0,1,0,2.9,4.9,0.297297297297297,235
"379",0,0,0,0,1,0,0,0,0,0,0,0,0,0,0,0,0,0,1,-3.6,5.8,0.464864864864865,266
"380",0,0,0,0,1,0,0,0,0,0,0,0,0,0,0,0,1,0,0,-4.5,4.2,0.497297297297297,272
"381",0,0,0,0,1,0,0,0,0,0,0,0,1,0,0,0,0,0,0,-0.8,3.7,0.556756756756757,283
"382",0,0,0,0,1,0,0,0,0,0,0,0,0,0,1,0,0,0,0,-5.6,9.7,0.518918918918919,276
"383",0,0,0,0,1,0,0,0,0,0,0,0,0,0,0,1,0,0,0,-8.3,7.9,0.237837837837838,224
"384",0,0,0,0,1,0,0,0,0,0,0,0,0,1,0,0,0,0,0,-3.9,3.5,0.713513513513514,312
"385",0,0,0,1,0,0,0,0,0,0,0,0,0,0,0,0,0,1,0,-1.9,4.4,0.508108108108108,274
"386",0,0,0,1,0,0,0,0,0,0,0,0,0,0,0,0,0,0,1,3.2,3.5,0.475675675675676,268
"387",0,0,0,1,0,0,0,0,0,0,0,0,0,0,0,0,1,0,0,6.9,3,0.367567567567568,248
"388",0,0,0,1,0,0,0,0,0,0,0,0,1,0,0,0,0,0,0,6.4,5.4,0.583783783783784,288
"389",0,0,0,1,0,0,0,0,0,0,0,0,0,0,1,0,0,0,0,-3.9,7.2,0.621621621621622,295
"390",0,0,0,1,0,0,0,0,0,0,0,0,0,0,0,1,0,0,0,-5.4,4.7,0.486486486486487,270
"391",0,0,0,1,0,0,0,0,0,0,0,0,0,1,0,0,0,0,0,0.4,3.3,0.518918918918919,276
"392",0,0,0,1,0,0,0,0,0,0,0,0,0,0,0,0,0,1,0,3.1,5.4,0.535135135135135,279
"393",0,0,0,1,0,0,0,0,0,0,0,0,0,0,0,0,0,0,1,2.1,3.8,0.497297297297297,272
"394",0,0,0,1,0,0,0,0,0,0,0,0,0,0,0,0,1,0,0,7.1,4.1,0.659459459459459,302
"395",0,0,0,1,0,0,0,0,0,0,0,0,1,0,0,0,0,0,0,8.6,4.2,0.751351351351351,319
"396",0,0,0,1,0,0,0,0,0,0,0,0,0,0,1,0,0,0,0,12.2,6.8,0.308108108108108,237
"397",0,0,0,1,0,0,0,0,0,0,0,0,0,0,0,1,0,0,0,1.7,5.4,0.264864864864865,229
"398",0,0,0,1,0,0,0,0,0,0,0,0,0,1,0,0,0,0,0,-5.7,7.9,0.675675675675676,305
"399",0,0,0,1,0,0,0,0,0,0,0,0,0,0,0,0,0,1,0,-5.6,4.5,0.589189189189189,289
"400",0,0,0,1,0,0,0,0,0,0,0,0,0,0,0,0,0,0,1,1.6,4.5,0.52972972972973,278
"401",0,0,0,1,0,0,0,0,0,0,0,0,0,0,0,0,1,0,0,13.1,6.6,0.47027027027027,267
"402",0,0,0,1,0,0,0,0,0,0,0,0,1,0,0,0,0,0,0,9.7,8.5,0.535135135135135,279
"403",0,0,0,1,0,0,0,0,0,0,0,0,0,0,1,0,0,0,0,-0.3,5.6,0.308108108108108,237
"404",0,0,0,1,0,0,0,0,0,0,0,0,0,0,0,1,0,0,0,-2.8,7.7,0.351351351351351,245
"405",0,0,0,1,0,0,0,0,0,0,0,0,0,1,0,0,0,0,0,4,4.9,0.0756756756756757,194
"406",0,0,0,1,0,0,0,0,0,0,0,0,0,0,0,0,0,1,0,7.3,4.3,0.345945945945946,244
"407",0,0,0,1,0,0,0,0,0,0,0,0,0,0,0,0,0,0,1,16,6.6,0.394594594594595,253
"408",0,0,0,1,0,0,0,0,0,0,0,0,0,0,0,0,1,0,0,0.5,7,0.227027027027027,222
"409",0,0,0,1,0,0,0,0,0,0,0,0,1,0,0,0,0,0,0,0.7,7,0.383783783783784,251
"410",0,0,0,1,0,0,0,0,0,0,0,0,0,0,1,0,0,0,0,-1.6,6.6,0.362162162162162,247
"411",0,0,0,1,0,0,0,0,0,0,0,0,0,0,0,1,0,0,0,2.1,7.5,0.345945945945946,244
"412",0,0,0,1,0,0,0,0,0,0,0,0,0,1,0,0,0,0,0,0.3,6.9,0.52972972972973,278
"413",0,0,0,0,0,0,0,1,0,0,0,0,0,0,0,0,0,1,0,2.9,4.8,0.367567567567568,248
"414",0,0,0,0,0,0,0,1,0,0,0,0,0,0,0,0,0,0,1,7.7,5,0.356756756756757,246
"415",0,0,0,0,0,0,0,1,0,0,0,0,0,0,0,0,1,0,0,5.3,7.5,0.745945945945946,318
"416",0,0,0,0,0,0,0,1,0,0,0,0,1,0,0,0,0,0,0,-2.4,5.7,0.8,328
"417",0,0,0,0,0,0,0,1,0,0,0,0,0,0,1,0,0,0,0,3.2,2.9,0.427027027027027,259
"418",0,0,0,0,0,0,0,1,0,0,0,0,0,0,0,1,0,0,0,10.9,4.5,0.308108108108108,237
"419",0,0,0,0,0,0,0,1,0,0,0,0,0,1,0,0,0,0,0,19.6,5.3,0.805405405405405,329
"420",0,0,0,0,0,0,0,1,0,0,0,0,0,0,0,0,0,1,0,8.6,9.6,0.427027027027027,259
"421",0,0,0,0,0,0,0,1,0,0,0,0,0,0,0,0,0,0,1,3.2,4.8,0.572972972972973,286
"422",0,0,0,0,0,0,0,1,0,0,0,0,0,0,0,0,1,0,0,3.9,2.3,0.475675675675676,268
"423",0,0,0,0,0,0,0,1,0,0,0,0,1,0,0,0,0,0,0,7.4,3.1,0.805405405405405,329
"424",0,0,0,0,0,0,0,1,0,0,0,0,0,0,1,0,0,0,0,4.3,7.1,0.394594594594595,253
"425",0,0,0,0,0,0,0,1,0,0,0,0,0,0,0,1,0,0,0,-2.9,9.2,0.508108108108108,274
"426",0,0,0,0,0,0,0,1,0,0,0,0,0,1,0,0,0,0,0,5.6,4.7,0.708108108108108,311
"427",0,0,0,0,0,0,0,1,0,0,0,0,0,0,0,0,0,1,0,12,4.7,0.621621621621622,295
"428",0,0,0,0,0,0,0,1,0,0,0,0,0,0,0,0,0,0,1,14.2,3.7,0.708108108108108,311
"429",0,0,0,0,0,0,0,1,0,0,0,0,0,0,0,0,1,0,0,9.4,5.7,0.535135135135135,279
"430",0,0,0,0,0,0,0,1,0,0,0,0,0,0,1,0,0,0,0,13.9,3.2,0.578378378378378,287
"431",0,0,0,0,0,0,0,1,0,0,0,0,0,0,0,1,0,0,0,13.9,5,0.427027027027027,259
"432",0,0,0,0,0,0,0,1,0,0,0,0,0,1,0,0,0,0,0,10.7,8.6,0.605405405405405,292
"433",0,0,0,0,0,0,0,1,0,0,0,0,0,0,0,0,0,1,0,10.9,6.1,0.594594594594595,290
"434",0,0,0,0,0,0,0,1,0,0,0,0,0,0,0,0,0,0,1,7.1,5.7,0.491891891891892,271
"435",0,0,0,0,0,0,0,1,0,0,0,0,0,0,0,0,1,0,0,5.7,10.1,0.464864864864865,266
"436",0,0,0,0,0,0,0,1,0,0,0,0,1,0,0,0,0,0,0,9.7,4,0.686486486486486,307
"437",0,0,0,0,0,0,0,1,0,0,0,0,0,0,1,0,0,0,0,10,4.7,0.583783783783784,288
"438",0,0,0,0,0,0,0,1,0,0,0,0,0,0,0,1,0,0,0,5.3,8,0.47027027027027,267
"439",0,0,0,0,0,0,0,1,0,0,0,0,0,1,0,0,0,0,0,-2.3,10.6,0.643243243243243,299
"440",0,0,0,0,0,0,0,1,0,0,0,0,0,0,0,0,0,1,0,-1.6,10.4,0.497297297297297,272
"441",0,0,0,0,0,0,0,1,0,0,0,0,0,0,0,0,0,0,1,2.4,4.5,0.567567567567568,285
"442",0,0,0,0,0,0,0,1,0,0,0,0,0,0,0,0,1,0,0,11.7,3.9,0.545945945945946,281
"443",1,0,0,0,0,0,0,0,0,0,0,0,1,0,0,0,0,0,0,13.2,7.1,0.594594594594595,290
"444",1,0,0,0,0,0,0,0,0,0,0,0,0,0,1,0,0,0,0,7,6.8,0.524324324324324,277
"445",1,0,0,0,0,0,0,0,0,0,0,0,0,0,0,1,0,0,0,7.3,2.4,0.421621621621622,258
"446",1,0,0,0,0,0,0,0,0,0,0,0,0,1,0,0,0,0,0,7.6,6.6,0.589189189189189,289
"447",1,0,0,0,0,0,0,0,0,0,0,0,0,0,0,0,0,1,0,9.9,2.2,0.389189189189189,252
"448",1,0,0,0,0,0,0,0,0,0,0,0,0,0,0,0,0,0,1,8.8,9.5,0.394594594594595,253
"449",1,0,0,0,0,0,0,0,0,0,0,0,0,0,0,0,1,0,0,9.3,6.3,0.551351351351351,282
"450",1,0,0,0,0,0,0,0,0,0,0,0,1,0,0,0,0,0,0,12.9,5.9,0.881081081081081,343
"451",1,0,0,0,0,0,0,0,0,0,0,0,0,0,1,0,0,0,0,11.1,4.9,0.610810810810811,293
"452",1,0,0,0,0,0,0,0,0,0,0,0,0,0,0,1,0,0,0,8.4,6.6,0.567567567567568,285
"453",1,0,0,0,0,0,0,0,0,0,0,0,0,1,0,0,0,0,0,8.9,5.9,0.556756756756757,283
"454",1,0,0,0,0,0,0,0,0,0,0,0,0,0,0,0,0,1,0,14.5,3.8,0.713513513513514,312
"455",1,0,0,0,0,0,0,0,0,0,0,0,0,0,0,0,0,0,1,17.1,3.5,0.627027027027027,296
"456",1,0,0,0,0,0,0,0,0,0,0,0,0,0,0,0,1,0,0,19.4,3.4,0.816216216216216,331
"457",1,0,0,0,0,0,0,0,0,0,0,0,1,0,0,0,0,0,0,15.6,5,0.605405405405405,292
"458",1,0,0,0,0,0,0,0,0,0,0,0,0,0,1,0,0,0,0,15.9,5.7,0.551351351351351,282
"459",1,0,0,0,0,0,0,0,0,0,0,0,0,0,0,1,0,0,0,7.6,6.7,0.32972972972973,241
"460",1,0,0,0,0,0,0,0,0,0,0,0,0,1,0,0,0,0,0,7.4,3.6,0.318918918918919,239
"461",1,0,0,0,0,0,0,0,0,0,0,0,0,0,0,0,0,1,0,6.9,9.4,0.410810810810811,256
"462",1,0,0,0,0,0,0,0,0,0,0,0,0,0,0,0,0,0,1,9.5,6.9,0.551351351351351,282
"463",1,0,0,0,0,0,0,0,0,0,0,0,0,0,0,0,1,0,0,10.8,4.7,0.308108108108108,237
"464",1,0,0,0,0,0,0,0,0,0,0,0,1,0,0,0,0,0,0,15.6,5.2,0.518918918918919,276
"465",1,0,0,0,0,0,0,0,0,0,0,0,0,0,1,0,0,0,0,14.1,4.8,0.562162162162162,284
"466",1,0,0,0,0,0,0,0,0,0,0,0,0,0,0,1,0,0,0,13.5,4.8,0.486486486486487,270
"467",1,0,0,0,0,0,0,0,0,0,0,0,0,1,0,0,0,0,0,11.1,4.1,0.4,254
"468",1,0,0,0,0,0,0,0,0,0,0,0,0,0,0,0,0,1,0,12.4,3.7,0.345945945945946,244
"469",1,0,0,0,0,0,0,0,0,0,0,0,0,0,0,0,0,0,1,11.4,7,0.724324324324324,314
"470",1,0,0,0,0,0,0,0,0,0,0,0,0,0,0,0,1,0,0,8.2,10.1,0.908108108108108,348
"471",1,0,0,0,0,0,0,0,0,0,0,0,0,0,1,0,0,0,0,12.7,3.4,0.762162162162162,321
"472",0,0,0,0,0,0,0,0,1,0,0,0,0,0,0,1,0,0,0,14.2,2.1,0.52972972972973,278
"473",0,0,0,0,0,0,0,0,1,0,0,0,0,1,0,0,0,0,0,12.3,4.1,0.551351351351351,282
"474",0,0,0,0,0,0,0,0,1,0,0,0,0,0,0,0,0,1,0,13.2,4.8,0.551351351351351,282
"475",0,0,0,0,0,0,0,0,1,0,0,0,0,0,0,0,0,0,1,12.6,2.8,0.383783783783784,251
"476",0,0,0,0,0,0,0,0,1,0,0,0,0,0,0,0,1,0,0,17.4,3.7,0.924324324324324,351
"477",0,0,0,0,0,0,0,0,1,0,0,0,1,0,0,0,0,0,0,14.3,2.2,1,365
"478",0,0,0,0,0,0,0,0,1,0,0,0,0,0,1,0,0,0,0,9.3,9,0.610810810810811,293
"479",0,0,0,0,0,0,0,0,1,0,0,0,0,0,0,1,0,0,0,10.2,9.6,0.432432432432432,260
"480",0,0,0,0,0,0,0,0,1,0,0,0,0,1,0,0,0,0,0,13.7,9.5,0.621621621621622,295
"481",0,0,0,0,0,0,0,0,1,0,0,0,0,0,0,0,0,1,0,16.1,9.3,0.627027027027027,296
"482",0,0,0,0,0,0,0,0,1,0,0,0,0,0,0,0,0,0,1,16.8,6.2,0.648648648648649,300
"483",0,0,0,0,0,0,0,0,1,0,0,0,0,0,0,0,1,0,0,18,4,0.691891891891892,308
"484",0,0,0,0,0,0,0,0,1,0,0,0,1,0,0,0,0,0,0,17.3,4,0.821621621621622,332
"485",0,0,0,0,0,0,0,0,1,0,0,0,0,0,1,0,0,0,0,18.1,1.7,0.524324324324324,277
"486",0,0,0,0,0,0,0,0,1,0,0,0,0,0,0,1,0,0,0,18.4,2.4,0.681081081081081,306
"487",0,0,0,0,0,0,0,0,1,0,0,0,0,1,0,0,0,0,0,20.7,3.1,0.637837837837838,298
"488",0,0,0,0,0,0,0,0,1,0,0,0,0,0,0,0,0,1,0,19,6.2,0.72972972972973,315
"489",0,0,0,0,0,0,0,0,1,0,0,0,0,0,0,0,0,0,1,17.3,4.5,0.843243243243243,336
"490",0,0,0,0,0,0,0,0,1,0,0,0,0,0,0,0,1,0,0,15.3,2.3,0.762162162162162,321
"491",0,0,0,0,0,0,0,0,1,0,0,0,1,0,0,0,0,0,0,16.2,3.4,0.772972972972973,323
"492",0,0,0,0,0,0,0,0,1,0,0,0,0,0,1,0,0,0,0,21.9,1.6,0.913513513513514,349
"493",0,0,0,0,0,0,0,0,1,0,0,0,0,0,0,1,0,0,0,27.1,3,0.751351351351351,319
"494",0,0,0,0,0,0,0,0,1,0,0,0,0,1,0,0,0,0,0,20.7,5.8,0.832432432432432,334
"495",0,0,0,0,0,0,0,0,1,0,0,0,0,0,0,0,0,1,0,17.5,4.6,0.52972972972973,278
"496",0,0,0,0,0,0,0,0,1,0,0,0,0,0,0,0,0,0,1,15.8,2.5,0.67027027027027,304
"497",0,0,0,0,0,0,0,0,1,0,0,0,0,0,0,0,1,0,0,16.1,2.6,0.697297297297297,309
"498",0,0,0,0,0,0,0,0,1,0,0,0,1,0,0,0,0,0,0,20.5,2.7,0.724324324324324,314
"499",0,0,0,0,0,0,0,0,1,0,0,0,0,0,1,0,0,0,0,19.7,3,0.610810810810811,293
"500",0,0,0,0,0,0,0,0,1,0,0,0,0,0,0,1,0,0,0,20.2,1.5,0.551351351351351,282
"501",0,0,0,0,0,0,0,0,1,0,0,0,0,1,0,0,0,0,0,22.8,2.4,0.405405405405405,255
"502",0,0,0,0,0,0,0,0,1,0,0,0,0,0,0,0,0,1,0,28.2,3.2,0.940540540540541,354
"503",0,0,0,0,0,0,1,0,0,0,0,0,0,0,0,0,0,0,1,18.5,6,0.713513513513514,312
"504",0,0,0,0,0,0,1,0,0,0,0,0,0,0,0,0,1,0,0,19.4,2.2,0.735135135135135,316
"505",0,0,0,0,0,0,1,0,0,0,0,0,1,0,0,0,0,0,0,19.8,3.6,0.751351351351351,319
"506",0,0,0,0,0,0,1,0,0,0,0,0,0,0,1,0,0,0,0,21.5,1.7,0.648648648648649,300
"507",0,0,0,0,0,0,1,0,0,0,0,0,0,0,0,1,0,0,0,20,3.4,0.643243243243243,299
"508",0,0,0,0,0,0,1,0,0,0,0,0,0,1,0,0,0,0,0,21.2,2.8,0.708108108108108,311
"509",0,0,0,0,0,0,1,0,0,0,0,0,0,0,0,0,0,1,0,20.8,5,0.686486486486486,307
"510",0,0,0,0,0,0,1,0,0,0,0,0,0,0,0,0,0,0,1,22.7,4.3,0.708108108108108,311
"511",0,0,0,0,0,0,1,0,0,0,0,0,0,0,0,0,1,0,0,23.2,5.7,0.740540540540541,317
"512",0,0,0,0,0,0,1,0,0,0,0,0,0,0,1,0,0,0,0,21.6,2.4,0.681081081081081,306
"513",0,0,0,0,0,0,1,0,0,0,0,0,0,1,0,0,0,0,0,24,1.9,0.751351351351351,319
"514",0,0,0,0,0,0,1,0,0,0,0,0,0,0,0,0,0,1,0,23.8,3.6,0.724324324324324,314
"515",0,0,0,0,0,0,1,0,0,0,0,0,0,0,0,0,1,0,0,19.4,2.9,0.659459459459459,302
"516",0,0,0,0,0,0,1,0,0,0,0,0,0,0,1,0,0,0,0,20.7,7.4,0.740540540540541,317
"517",0,0,0,0,0,0,1,0,0,0,0,0,0,0,0,1,0,0,0,17.1,6.2,0.675675675675676,305
"518",0,0,0,0,0,0,1,0,0,0,0,0,0,1,0,0,0,0,0,19.7,3.3,0.545945945945946,281
"519",0,0,0,0,0,0,1,0,0,0,0,0,0,0,0,0,0,1,0,21.3,2,0.740540540540541,317
"520",0,0,0,0,0,0,1,0,0,0,0,0,0,0,0,0,1,0,0,19,3.6,0.637837837837838,298
"521",0,0,0,0,0,0,1,0,0,0,0,0,0,1,0,0,0,0,0,23.3,3.2,0.664864864864865,303
"522",0,0,0,0,0,0,1,0,0,0,0,0,0,0,0,0,0,1,0,21.9,2.5,0.621621621621622,295
"523",0,0,0,0,0,0,1,0,0,0,0,0,0,0,0,0,0,0,1,23.1,1.5,0.67027027027027,304
"524",0,0,0,0,0,0,1,0,0,0,0,0,0,0,0,0,1,0,0,24.8,2.7,0.767567567567568,322
"525",0,0,0,0,0,1,0,0,0,0,0,0,1,0,0,0,0,0,0,26.9,2.7,0.735135135135135,316
"526",0,0,0,0,0,1,0,0,0,0,0,0,0,0,1,0,0,0,0,27.2,3.1,0.518918918918919,276
"527",0,0,0,0,0,1,0,0,0,0,0,0,0,0,0,1,0,0,0,27,3.1,0.378378378378378,250
"528",0,0,0,0,0,1,0,0,0,0,0,0,0,1,0,0,0,0,0,24.7,2.7,0.405405405405405,255
"529",0,0,0,0,0,1,0,0,0,0,0,0,0,0,0,0,0,1,0,24.9,3.3,0.551351351351351,282
"530",0,0,0,0,0,1,0,0,0,0,0,0,0,0,0,0,0,0,1,24.9,4.2,0.594594594594595,290
"531",0,0,0,0,0,1,0,0,0,0,0,0,0,0,0,0,1,0,0,25,4.8,0.567567567567568,285
"532",0,0,0,0,0,1,0,0,0,0,0,0,1,0,0,0,0,0,0,22.8,1.6,0.621621621621622,295
"533",0,0,0,0,0,1,0,0,0,0,0,0,0,0,1,0,0,0,0,24.7,2.7,0.427027027027027,259
"534",0,0,0,0,0,1,0,0,0,0,0,0,0,0,0,1,0,0,0,23.2,4,0.378378378378378,250
"535",0,0,0,0,0,1,0,0,0,0,0,0,0,1,0,0,0,0,0,23.3,4.1,0.52972972972973,278
"536",0,0,0,0,0,1,0,0,0,0,0,0,0,0,0,0,0,1,0,25.6,5.2,0.47027027027027,267
"537",0,0,0,0,0,1,0,0,0,0,0,0,0,0,0,0,0,0,1,28.1,2.9,0.686486486486486,307
"538",0,0,0,0,0,1,0,0,0,0,0,0,0,0,0,0,1,0,0,26.9,3.1,0.481081081081081,269
"539",0,0,0,0,0,1,0,0,0,0,0,0,1,0,0,0,0,0,0,26.1,3.9,0.713513513513514,312
"540",0,0,0,0,0,1,0,0,0,0,0,0,0,0,1,0,0,0,0,24.2,2.7,0.518918918918919,276
"541",0,0,0,0,0,1,0,0,0,0,0,0,0,0,0,1,0,0,0,24.7,2.2,0.545945945945946,281
"542",0,0,0,0,0,1,0,0,0,0,0,0,0,1,0,0,0,0,0,25.1,1.6,0.659459459459459,302
"543",0,0,0,0,0,1,0,0,0,0,0,0,0,0,0,0,0,1,0,26.8,4.6,0.6,291
"544",0,0,0,0,0,1,0,0,0,0,0,0,0,0,0,0,0,0,1,29.7,3.5,0.594594594594595,290
"545",0,0,0,0,0,1,0,0,0,0,0,0,0,0,0,0,1,0,0,28.7,3.5,0.621621621621622,295
"546",0,0,0,0,0,1,0,0,0,0,0,0,1,0,0,0,0,0,0,29.6,2.9,0.827027027027027,333
"547",0,0,0,0,0,1,0,0,0,0,0,0,0,0,1,0,0,0,0,29.2,2,0.675675675675676,305
"548",0,0,0,0,0,1,0,0,0,0,0,0,0,0,0,1,0,0,0,30,3.8,0.459459459459459,265
"549",0,0,0,0,0,1,0,0,0,0,0,0,0,1,0,0,0,0,0,28.3,3.8,0.535135135135135,279
"550",0,0,0,0,0,1,0,0,0,0,0,0,0,0,0,0,0,1,0,25.1,3.9,0.518918918918919,276
"551",0,0,0,0,0,1,0,0,0,0,0,0,0,0,0,0,0,0,1,24.8,1.8,0.572972972972973,286
"552",0,0,0,0,0,1,0,0,0,0,0,0,0,0,0,0,1,0,0,26.6,2.4,0.632432432432432,297
"553",0,0,0,0,0,1,0,0,0,0,0,0,1,0,0,0,0,0,0,26.9,3.4,0.702702702702703,310
"554",0,0,0,0,0,1,0,0,0,0,0,0,0,0,1,0,0,0,0,26,4.1,0.681081081081081,306
"555",0,0,0,0,0,1,0,0,0,0,0,0,0,0,0,1,0,0,0,25.8,1.5,0.578378378378378,287
"556",0,1,0,0,0,0,0,0,0,0,0,0,0,1,0,0,0,0,0,22.3,2.7,0.616216216216216,294
"557",0,1,0,0,0,0,0,0,0,0,0,0,0,0,0,0,0,1,0,25.8,3,0.610810810810811,293
"558",0,1,0,0,0,0,0,0,0,0,0,0,0,0,0,0,0,0,1,27.2,2.8,0.778378378378378,324
"559",0,1,0,0,0,0,0,0,0,0,0,0,0,0,0,0,1,0,0,28.1,2.7,0.643243243243243,299
"560",0,1,0,0,0,0,0,0,0,0,0,0,1,0,0,0,0,0,0,28.2,2.8,0.772972972972973,323
"561",0,1,0,0,0,0,0,0,0,0,0,0,0,0,1,0,0,0,0,28.4,3.5,0.718918918918919,313
"562",0,1,0,0,0,0,0,0,0,0,0,0,0,0,0,1,0,0,0,28.8,4.3,0.47027027027027,267
"563",0,1,0,0,0,0,0,0,0,0,0,0,0,1,0,0,0,0,0,29.4,5.1,0.745945945945946,318
"564",0,1,0,0,0,0,0,0,0,0,0,0,0,0,0,0,0,1,0,30.6,4.8,0.556756756756757,283
"565",0,1,0,0,0,0,0,0,0,0,0,0,0,0,0,0,0,0,1,27.1,3.2,0.443243243243243,262
"566",0,1,0,0,0,0,0,0,0,0,0,0,0,0,0,0,1,0,0,26.4,1.6,0.578378378378378,287
"567",0,1,0,0,0,0,0,0,0,0,0,0,1,0,0,0,0,0,0,25.7,4.7,0.924324324324324,351
"568",0,1,0,0,0,0,0,0,0,0,0,0,0,0,1,0,0,0,0,22.7,3.7,0.686486486486486,307
"569",0,1,0,0,0,0,0,0,0,0,0,0,0,0,0,1,0,0,0,23.1,2.4,0.675675675675676,305
"570",0,1,0,0,0,0,0,0,0,0,0,0,0,1,0,0,0,0,0,23.6,1.9,0.32972972972973,241
"571",0,1,0,0,0,0,0,0,0,0,0,0,0,0,0,0,0,1,0,23.2,4.9,0.6,291
"572",0,1,0,0,0,0,0,0,0,0,0,0,0,0,0,0,0,0,1,23,2.1,0.437837837837838,261
"573",0,1,0,0,0,0,0,0,0,0,0,0,0,0,0,0,1,0,0,22.7,3.1,0.556756756756757,283
"574",0,1,0,0,0,0,0,0,0,0,0,0,1,0,0,0,0,0,0,25.4,2.8,0.572972972972973,286
"575",0,1,0,0,0,0,0,0,0,0,0,0,0,0,1,0,0,0,0,27.1,2.9,0.697297297297297,309
"576",0,1,0,0,0,0,0,0,0,0,0,0,0,0,0,1,0,0,0,24.8,1.9,0.497297297297297,272
"577",0,1,0,0,0,0,0,0,0,0,0,0,0,1,0,0,0,0,0,24,2.8,0.372972972972973,249
"578",0,1,0,0,0,0,0,0,0,0,0,0,0,0,0,0,0,1,0,24.9,1.8,0.502702702702703,273
"579",0,1,0,0,0,0,0,0,0,0,0,0,0,0,0,0,0,0,1,26.1,3.6,0.275675675675676,231
"580",0,1,0,0,0,0,0,0,0,0,0,0,0,0,0,0,1,0,0,27.2,1.8,0.524324324324324,277
"581",0,1,0,0,0,0,0,0,0,0,0,0,1,0,0,0,0,0,0,26.6,2.5,0.632432432432432,297
"582",0,1,0,0,0,0,0,0,0,0,0,0,0,0,1,0,0,0,0,27.4,3.3,0.681081081081081,306
"583",0,1,0,0,0,0,0,0,0,0,0,0,0,0,0,1,0,0,0,24.8,4.5,0.562162162162162,284
"584",0,1,0,0,0,0,0,0,0,0,0,0,0,1,0,0,0,0,0,25.7,2.7,0.427027027027027,259
"585",0,1,0,0,0,0,0,0,0,0,0,0,0,0,0,0,0,1,0,26.4,3.6,0.556756756756757,283
"586",0,1,0,0,0,0,0,0,0,0,0,0,0,0,0,0,0,0,1,24.5,4.6,0.610810810810811,293
"587",0,0,0,0,0,0,0,0,0,0,0,1,0,0,0,0,1,0,0,24.9,2.8,0.659459459459459,302
"588",0,0,0,0,0,0,0,0,0,0,0,1,1,0,0,0,0,0,0,21.6,4.2,0.589189189189189,289
"589",0,0,0,0,0,0,0,0,0,0,0,1,0,0,1,0,0,0,0,22.2,1.8,0.637837837837838,298
"590",0,0,0,0,0,0,0,0,0,0,0,1,0,0,0,1,0,0,0,25.2,2.3,0.378378378378378,250
"591",0,0,0,0,0,0,0,0,0,0,0,1,0,1,0,0,0,0,0,25.8,1.5,0.4,254
"592",0,0,0,0,0,0,0,0,0,0,0,1,0,0,0,0,0,1,0,21.9,1.9,0.859459459459459,339
"593",0,0,0,0,0,0,0,0,0,0,0,1,0,0,0,0,0,0,1,20,6.1,0.437837837837838,261
"594",0,0,0,0,0,0,0,0,0,0,0,1,0,0,0,0,1,0,0,21.2,4.6,0.654054054054054,301
"595",0,0,0,0,0,0,0,0,0,0,0,1,1,0,0,0,0,0,0,21.3,2.7,0.994594594594595,364
"596",0,0,0,0,0,0,0,0,0,0,0,1,0,0,1,0,0,0,0,22.8,2,0.497297297297297,272
"597",0,0,0,0,0,0,0,0,0,0,0,1,0,0,0,1,0,0,0,22.2,2,0.432432432432432,260
"598",0,0,0,0,0,0,0,0,0,0,0,1,0,1,0,0,0,0,0,22.2,1.7,0.724324324324324,314
"599",0,0,0,0,0,0,0,0,0,0,0,1,0,0,0,0,0,1,0,23.9,2.1,0.783783783783784,325
"600",0,0,0,0,0,0,0,0,0,0,0,1,0,0,0,0,0,0,1,21.9,5.2,0.691891891891892,308
"601",0,0,0,0,0,0,0,0,0,0,0,1,0,0,0,0,1,0,0,21.1,4.8,0.810810810810811,330
"602",0,0,0,0,0,0,0,0,0,0,0,1,1,0,0,0,0,0,0,18.7,1.7,0.913513513513514,349
"603",0,0,0,0,0,0,0,0,0,0,0,1,0,0,1,0,0,0,0,20.4,4.3,0.443243243243243,262
"604",0,0,0,0,0,0,0,0,0,0,0,1,0,0,0,1,0,0,0,23,4.1,0.621621621621622,295
"605",0,0,0,0,0,0,0,0,0,0,0,1,0,1,0,0,0,0,0,24.3,3.8,0.610810810810811,293
"606",0,0,0,0,0,0,0,0,0,0,0,1,0,0,0,0,0,1,0,22.1,3.7,0.583783783783784,288
"607",0,0,0,0,0,0,0,0,0,0,0,1,0,0,0,0,0,0,1,21.3,2.2,0.837837837837838,335
"608",0,0,0,0,0,0,0,0,0,0,0,1,0,0,0,0,1,0,0,20.9,5.9,0.535135135135135,279
"609",0,0,0,0,0,0,0,0,0,0,0,1,1,0,0,0,0,0,0,14,8.3,0.767567567567568,322
"610",0,0,0,0,0,0,0,0,0,0,0,1,0,0,1,0,0,0,0,14,4.7,0.578378378378378,287
"611",0,0,0,0,0,0,0,0,0,0,0,1,0,0,0,1,0,0,0,18,2.7,0.562162162162162,284
"612",0,0,0,0,0,0,0,0,0,0,0,1,0,1,0,0,0,0,0,18.2,5.3,0.432432432432432,260
"613",0,0,0,0,0,0,0,0,0,0,0,1,0,0,0,0,0,1,0,18.2,3.9,0.259459459459459,228
"614",0,0,0,0,0,0,0,0,0,0,0,1,0,0,0,0,0,0,1,16.2,3.4,0.562162162162162,284
"615",0,0,0,0,0,0,0,0,0,0,0,1,0,0,0,0,1,0,0,15.9,4.9,0.724324324324324,314
"616",0,0,0,0,0,0,0,0,0,0,0,1,1,0,0,0,0,0,0,14.2,5.8,0.8,328
"617",0,0,0,0,0,0,0,0,0,0,1,0,0,0,1,0,0,0,0,13.9,8.2,0.794594594594595,327
"618",0,0,0,0,0,0,0,0,0,0,1,0,0,0,0,1,0,0,0,14.7,10.1,0.356756756756757,246
"619",0,0,0,0,0,0,0,0,0,0,1,0,0,1,0,0,0,0,0,10.4,10.2,0.778378378378378,324
"620",0,0,0,0,0,0,0,0,0,0,1,0,0,0,0,0,0,1,0,9.9,8.1,0.481081081081081,269
"621",0,0,0,0,0,0,0,0,0,0,1,0,0,0,0,0,0,0,1,13.4,5.4,0.345945945945946,244
"622",0,0,0,0,0,0,0,0,0,0,1,0,0,0,0,0,1,0,0,16.4,2.5,0.843243243243243,336
"623",0,0,0,0,0,0,0,0,0,0,1,0,1,0,0,0,0,0,0,19.5,3.4,0.767567567567568,322
"624",0,0,0,0,0,0,0,0,0,0,1,0,0,0,1,0,0,0,0,12.9,4.8,0.675675675675676,305
"625",0,0,0,0,0,0,0,0,0,0,1,0,0,0,0,1,0,0,0,11.4,2.8,0.340540540540541,243
"626",0,0,0,0,0,0,0,0,0,0,1,0,0,1,0,0,0,0,0,14.8,2.2,0.194594594594595,216
"627",0,0,0,0,0,0,0,0,0,0,1,0,0,0,0,0,0,1,0,15.5,2.9,0.52972972972973,278
"628",0,0,0,0,0,0,0,0,0,0,1,0,0,0,0,0,0,0,1,17.1,2.8,0.724324324324324,314
"629",0,0,0,0,0,0,0,0,0,0,1,0,0,0,0,0,1,0,0,18.4,3.1,0.664864864864865,303
"630",0,0,0,0,0,0,0,0,0,0,1,0,1,0,0,0,0,0,0,14.8,3.8,0.902702702702703,347
"631",0,0,0,0,0,0,0,0,0,0,1,0,0,0,1,0,0,0,0,14.9,2,0.508108108108108,274
"632",0,0,0,0,0,0,0,0,0,0,1,0,0,0,0,1,0,0,0,15.1,2.5,0.367567567567568,248
"633",0,0,0,0,0,0,0,0,0,0,1,0,0,1,0,0,0,0,0,15.6,3.1,0.443243243243243,262
"634",0,0,0,0,0,0,0,0,0,0,1,0,0,0,0,0,0,1,0,11.4,4.5,0.372972972972973,249
"635",0,0,0,0,0,0,0,0,0,0,1,0,0,0,0,0,0,0,1,8.8,4.9,0.572972972972973,286
"636",0,0,0,0,0,0,0,0,0,0,1,0,0,0,0,0,1,0,0,10.3,5,0.637837837837838,298
"637",0,0,0,0,0,0,0,0,0,0,1,0,1,0,0,0,0,0,0,12.1,2.3,0.837837837837838,335
"638",0,0,0,0,0,0,0,0,0,0,1,0,0,0,1,0,0,0,0,13.9,2.4,0.789189189189189,326
"639",0,0,0,0,0,0,0,0,0,0,1,0,0,0,0,1,0,0,0,14.2,4.8,0.324324324324324,240
"640",0,0,0,0,0,0,0,0,0,0,1,0,0,1,0,0,0,0,0,14,6.9,0.621621621621622,295
"641",0,0,0,0,0,0,0,0,0,0,1,0,0,0,0,0,0,1,0,17.8,3.3,0.621621621621622,295
"642",0,0,0,0,0,0,0,0,0,0,1,0,0,0,0,0,0,0,1,19.1,2.2,0.459459459459459,265
"643",0,0,0,0,0,0,0,0,0,0,1,0,0,0,0,0,1,0,0,16,4.8,0.72972972972973,315
"644",0,0,0,0,0,0,0,0,0,0,1,0,1,0,0,0,0,0,0,10.7,5.8,0.654054054054054,301
"645",0,0,0,0,0,0,0,0,0,0,1,0,0,0,1,0,0,0,0,10.2,3.4,0.686486486486486,307
"646",0,0,0,0,0,0,0,0,0,0,1,0,0,0,0,1,0,0,0,11.4,0.9,0.594594594594595,290
"647",0,0,0,0,0,0,0,0,0,0,1,0,0,1,0,0,0,0,0,14,0.7,0.562162162162162,284
"648",0,0,0,0,0,0,0,0,0,1,0,0,0,0,0,0,0,1,0,16.6,2.4,0.52972972972973,278
"649",0,0,0,0,0,0,0,0,0,1,0,0,0,0,0,0,0,0,1,16.6,2.7,0.767567567567568,322
"650",0,0,0,0,0,0,0,0,0,1,0,0,0,0,0,0,1,0,0,15,1.5,0.745945945945946,318
"651",0,0,0,0,0,0,0,0,0,1,0,0,1,0,0,0,0,0,0,15.4,1.7,0.572972972972973,286
"652",0,0,0,0,0,0,0,0,0,1,0,0,0,0,1,0,0,0,0,20,2.7,0.616216216216216,294
"653",0,0,0,0,0,0,0,0,0,1,0,0,0,0,0,1,0,0,0,20.9,3.8,0.281081081081081,232
"654",0,0,0,0,0,0,0,0,0,1,0,0,0,1,0,0,0,0,0,21.8,4.8,0.535135135135135,279
"655",0,0,0,0,0,0,0,0,0,1,0,0,0,0,0,0,0,1,0,12.3,5.6,0.27027027027027,230
"656",0,0,0,0,0,0,0,0,0,1,0,0,0,0,0,0,0,0,1,8.3,5.1,0.427027027027027,259
"657",0,0,0,0,0,0,0,0,0,1,0,0,0,0,0,0,1,0,0,12.6,2.8,0.464864864864865,266
"658",0,0,0,0,0,0,0,0,0,1,0,0,1,0,0,0,0,0,0,17,2.1,0.702702702702703,310
"659",0,0,0,0,0,0,0,0,0,1,0,0,0,0,1,0,0,0,0,19.6,4.6,0.481081081081081,269
"660",0,0,0,0,0,0,0,0,0,1,0,0,0,0,0,1,0,0,0,11.9,4.3,0.308108108108108,237
"661",0,0,0,0,0,0,0,0,0,1,0,0,0,1,0,0,0,0,0,5.3,5.8,0.448648648648649,263
"662",0,0,0,0,0,0,0,0,0,1,0,0,0,0,0,0,0,1,0,4.5,5,0.632432432432432,297
"663",0,0,0,0,0,0,0,0,0,1,0,0,0,0,0,0,0,0,1,6.4,7.2,0.664864864864865,303
"664",0,0,0,0,0,0,0,0,0,1,0,0,0,0,0,0,1,0,0,4.9,6.8,0.594594594594595,290
"665",0,0,0,0,0,0,0,0,0,1,0,0,1,0,0,0,0,0,0,3.8,4.4,0.562162162162162,284
"666",0,0,0,0,0,0,0,0,0,1,0,0,0,0,1,0,0,0,0,2.2,6.2,0.745945945945946,318
"667",0,0,0,0,0,0,0,0,0,1,0,0,0,0,0,1,0,0,0,1.9,7.2,0.362162162162162,247
"668",0,0,0,0,0,0,0,0,0,1,0,0,0,1,0,0,0,0,0,0.6,5.6,0.675675675675676,305
"669",0,0,0,0,0,0,0,0,0,1,0,0,0,0,0,0,0,1,0,5.9,5,0.675675675675676,305
"670",0,0,0,0,0,0,0,0,0,1,0,0,0,0,0,0,0,0,1,9,3.5,0.632432432432432,297
"671",0,0,0,0,0,0,0,0,0,1,0,0,0,0,0,0,1,0,0,7.9,3.8,0.0594594594594595,191
"672",0,0,0,0,0,0,0,0,0,1,0,0,1,0,0,0,0,0,0,10.1,5.5,0.281081081081081,232
"673",0,0,0,0,0,0,0,0,0,1,0,0,0,0,1,0,0,0,0,9.1,7,0.362162162162162,247
"674",0,0,0,0,0,0,0,0,0,1,0,0,0,0,0,1,0,0,0,10.8,4.5,0.308108108108108,237
"675",0,0,0,0,0,0,0,0,0,1,0,0,0,1,0,0,0,0,0,11.6,6.8,0.389189189189189,252
"676",0,0,0,0,0,0,0,0,0,1,0,0,0,0,0,0,0,1,0,4.8,2.8,0.324324324324324,240
"677",0,0,0,0,0,0,0,0,0,1,0,0,0,0,0,0,0,0,1,8.8,4.4,0.535135135135135,279
"678",0,0,1,0,0,0,0,0,0,0,0,0,0,0,0,0,1,0,0,4.8,8.4,0.6,291
"679",0,0,1,0,0,0,0,0,0,0,0,0,1,0,0,0,0,0,0,3.1,3.5,0.637837837837838,298
"680",0,0,1,0,0,0,0,0,0,0,0,0,0,0,1,0,0,0,0,11.2,4.7,0.535135135135135,279
"681",0,0,1,0,0,0,0,0,0,0,0,0,0,0,0,1,0,0,0,6.1,5.3,0.394594594594595,253
"682",0,0,1,0,0,0,0,0,0,0,0,0,0,1,0,0,0,0,0,5,3,0.481081081081081,269
"683",0,0,1,0,0,0,0,0,0,0,0,0,0,0,0,0,0,1,0,9.6,3.7,0.72972972972973,315
"684",0,0,1,0,0,0,0,0,0,0,0,0,0,0,0,0,0,0,1,13.9,3.1,0.637837837837838,298
"685",0,0,1,0,0,0,0,0,0,0,0,0,0,0,0,0,1,0,0,11.1,4.1,0.572972972972973,286
"686",0,0,1,0,0,0,0,0,0,0,0,0,1,0,0,0,0,0,0,4.9,5.4,0.67027027027027,304
"687",0,0,1,0,0,0,0,0,0,0,0,0,0,0,1,0,0,0,0,2.2,6.4,0.394594594594595,253
"688",0,0,1,0,0,0,0,0,0,0,0,0,0,0,0,1,0,0,0,3.2,7.3,0.275675675675676,231
"689",0,0,1,0,0,0,0,0,0,0,0,0,0,1,0,0,0,0,0,1.1,5.8,0.540540540540541,280
"690",0,0,1,0,0,0,0,0,0,0,0,0,0,0,0,0,0,1,0,-0.6,3.6,0.654054054054054,301
"691",0,0,1,0,0,0,0,0,0,0,0,0,0,0,0,0,0,0,1,1,5.6,0.427027027027027,259
"692",0,0,1,0,0,0,0,0,0,0,0,0,0,0,0,0,1,0,0,2.6,7,0.832432432432432,334
"693",0,0,1,0,0,0,0,0,0,0,0,0,0,0,1,0,0,0,0,4.6,7.2,0.52972972972973,278
"694",0,0,1,0,0,0,0,0,0,0,0,0,0,0,0,1,0,0,0,2.6,6.3,0.324324324324324,240
"695",0,0,1,0,0,0,0,0,0,0,0,0,0,1,0,0,0,0,0,1.1,6.6,0.524324324324324,277
"696",0,0,1,0,0,0,0,0,0,0,0,0,0,0,0,0,0,1,0,1.3,5.5,0.454054054054054,264
"697",0,0,1,0,0,0,0,0,0,0,0,0,0,0,0,0,0,0,1,0.5,1.6,0.475675675675676,268
"698",0,0,1,0,0,0,0,0,0,0,0,0,0,0,0,0,1,0,0,3.8,5.6,0.583783783783784,288
"699",0,0,1,0,0,0,0,0,0,0,0,0,1,0,0,0,0,0,0,6.3,9,0.708108108108108,311
"700",0,0,1,0,0,0,0,0,0,0,0,0,0,0,1,0,0,0,0,-12.1,10.2,0.47027027027027,267
"701",0,0,1,0,0,0,0,0,0,0,0,0,0,0,0,1,0,0,0,-7.1,7.5,0,180
"702",0,0,1,0,0,0,0,0,0,0,0,0,0,1,0,0,0,0,0,-5.1,6.7,0.0486486486486487,189
"703",0,0,1,0,0,0,0,0,0,0,0,0,0,0,0,0,0,1,0,-0.8,4.8,0.172972972972973,212
"704",0,0,1,0,0,0,0,0,0,0,0,0,0,0,0,0,0,0,1,3.5,4.4,0.221621621621622,221
"705",0,0,1,0,0,0,0,0,0,0,0,0,0,0,0,0,1,0,0,7.2,5.2,0.124324324324324,203
"706",0,0,1,0,0,0,0,0,0,0,0,0,1,0,0,0,0,0,0,11.1,3.3,0.637837837837838,298
"707",0,0,1,0,0,0,0,0,0,0,0,0,0,0,1,0,0,0,0,11.2,2.4,0.351351351351351,245
"708",0,0,0,0,1,0,0,0,0,0,0,0,0,0,0,1,0,0,0,11.3,4.8,0.779569892473118,273
"709",0,0,0,0,1,0,0,0,0,0,0,0,0,1,0,0,0,0,0,11.1,3.1,0.39247311827957,201
"710",0,0,0,0,1,0,0,0,0,0,0,0,0,0,0,0,0,1,0,10.9,2.5,0.478494623655914,217
"711",0,0,0,0,1,0,0,0,0,0,0,0,0,0,0,0,0,0,1,15.1,3.2,0.650537634408602,249
"712",0,0,0,0,1,0,0,0,0,0,0,0,0,0,0,0,1,0,0,9.4,4.3,0.553763440860215,231
"713",0,0,0,0,1,0,0,0,0,0,0,0,1,0,0,0,0,0,0,7.3,4.3,0.559139784946237,232
"714",0,0,0,0,1,0,0,0,0,0,0,0,0,0,1,0,0,0,0,4.8,6.2,0.258064516129032,176
"715",0,0,0,0,1,0,0,0,0,0,0,0,0,0,0,1,0,0,0,3.2,4.2,0.317204301075269,187
"716",0,0,0,0,1,0,0,0,0,0,0,0,0,1,0,0,0,0,0,4.2,4.5,0.575268817204301,235
"717",0,0,0,0,1,0,0,0,0,0,0,0,0,0,0,0,0,1,0,4.2,4,0.661290322580645,251
"718",0,0,0,0,1,0,0,0,0,0,0,0,0,0,0,0,0,0,1,3.2,5.4,0.473118279569892,216
"719",0,0,0,0,1,0,0,0,0,0,0,0,0,0,0,0,1,0,0,5.6,4.2,0.801075268817204,277
"720",0,0,0,0,1,0,0,0,0,0,0,0,1,0,0,0,0,0,0,11.1,6,0.903225806451613,296
"721",0,0,0,0,1,0,0,0,0,0,0,0,0,0,1,0,0,0,0,2,7.7,0.60752688172043,241
"722",0,0,0,0,1,0,0,0,0,0,0,0,0,0,0,1,0,0,0,1.1,8.4,0.349462365591398,193
"723",0,0,0,0,1,0,0,0,0,0,0,0,0,1,0,0,0,0,0,1.9,7.3,0.473118279569892,216
"724",0,0,0,0,1,0,0,0,0,0,0,0,0,0,0,0,0,1,0,5,3.4,0.67741935483871,254
"725",0,0,0,0,1,0,0,0,0,0,0,0,0,0,0,0,0,0,1,8.6,6.1,0.688172043010753,256
"726",0,0,0,0,1,0,0,0,0,0,0,0,0,0,0,0,1,0,0,5.9,4.3,0.908602150537634,297
"727",0,0,0,0,1,0,0,0,0,0,0,0,1,0,0,0,0,0,0,6.3,5.5,0.575268817204301,235
"728",0,0,0,0,1,0,0,0,0,0,0,0,0,0,1,0,0,0,0,4.4,5.3,0.537634408602151,228
"729",0,0,0,0,1,0,0,0,0,0,0,0,0,0,0,1,0,0,0,3.6,3.3,0.60752688172043,241
"730",0,0,0,0,1,0,0,0,0,0,0,0,0,1,0,0,0,0,0,3.2,6.2,0.67741935483871,254
"731",0,0,0,0,1,0,0,0,0,0,0,0,0,0,0,0,0,1,0,3.8,6.4,0.56989247311828,234
"732",0,0,0,0,1,0,0,0,0,0,0,0,0,0,0,0,0,0,1,3.6,4.4,0.682795698924731,255
"733",0,0,0,0,1,0,0,0,0,0,0,0,0,0,0,0,1,0,0,8.7,8.2,0.666666666666667,252
"734",0,0,0,0,1,0,0,0,0,0,0,0,1,0,0,0,0,0,0,4,5.4,0.575268817204301,235
"735",0,0,0,0,1,0,0,0,0,0,0,0,0,0,1,0,0,0,0,5.9,6.1,0.682795698924731,255
"736",0,0,0,0,1,0,0,0,0,0,0,0,0,0,0,1,0,0,0,9.3,4.3,0.462365591397849,214
"737",0,0,0,0,1,0,0,0,0,0,0,0,0,1,0,0,0,0,0,8.9,2.7,0.559139784946237,232
"738",0,0,0,0,1,0,0,0,0,0,0,0,0,0,0,0,0,1,0,4.9,3.3,0.693548387096774,257
"739",0,0,0,1,0,0,0,0,0,0,0,0,0,0,0,0,0,0,1,0.1,5.5,0.688172043010753,256
"740",0,0,0,1,0,0,0,0,0,0,0,0,0,0,0,0,1,0,0,0.7,3.3,0.704301075268817,259
"741",0,0,0,1,0,0,0,0,0,0,0,0,1,0,0,0,0,0,0,-2.6,9.4,0.956989247311828,306
"742",0,0,0,1,0,0,0,0,0,0,0,0,0,0,1,0,0,0,0,-11,8.6,0.505376344086022,222
"743",0,0,0,1,0,0,0,0,0,0,0,0,0,0,0,1,0,0,0,1.7,4.2,0.424731182795699,207
"744",0,0,0,1,0,0,0,0,0,0,0,0,0,1,0,0,0,0,0,7.4,4.1,0.682795698924731,255
"745",0,0,0,1,0,0,0,0,0,0,0,0,0,0,0,0,0,1,0,2.2,4,0.682795698924731,255
"746",0,0,0,1,0,0,0,0,0,0,0,0,0,0,0,0,0,0,1,7.1,5.3,0.580645161290323,236
"747",0,0,0,1,0,0,0,0,0,0,0,0,0,0,0,0,1,0,0,8.6,3,0.580645161290323,236
"748",0,0,0,1,0,0,0,0,0,0,0,0,1,0,0,0,0,0,0,13.3,6.8,0.908602150537634,297
"749",0,0,0,1,0,0,0,0,0,0,0,0,0,0,1,0,0,0,0,5.8,6.1,0.71505376344086,261
"750",0,0,0,1,0,0,0,0,0,0,0,0,0,0,0,1,0,0,0,5.8,2.6,0.440860215053763,210
"751",0,0,0,1,0,0,0,0,0,0,0,0,0,1,0,0,0,0,0,8.2,6.6,0.725806451612903,263
"752",0,0,0,1,0,0,0,0,0,0,0,0,0,0,0,0,0,1,0,8.9,5.6,0.693548387096774,257
"753",0,0,0,1,0,0,0,0,0,0,0,0,0,0,0,0,0,0,1,12.4,2.9,0.720430107526882,262
"754",0,0,0,1,0,0,0,0,0,0,0,0,0,0,0,0,1,0,0,16.3,4,0.71505376344086,261
"755",0,0,0,1,0,0,0,0,0,0,0,0,1,0,0,0,0,0,0,12.4,4.9,0.795698924731183,276
"756",0,0,0,1,0,0,0,0,0,0,0,0,0,0,1,0,0,0,0,1.2,8.1,0.650537634408602,249
"757",0,0,0,1,0,0,0,0,0,0,0,0,0,0,0,1,0,0,0,5.6,3.5,0.591397849462366,238
"758",0,0,0,1,0,0,0,0,0,0,0,0,0,1,0,0,0,0,0,10.6,5.2,0.301075268817204,184
"759",0,0,0,1,0,0,0,0,0,0,0,0,0,0,0,0,0,1,0,6.8,3.9,0.516129032258065,224
"760",0,0,0,1,0,0,0,0,0,0,0,0,0,0,0,0,0,0,1,4.8,5.2,0.456989247311828,213
"761",0,0,0,1,0,0,0,0,0,0,0,0,0,0,0,0,1,0,0,3.8,6.9,0.456989247311828,213
"762",0,0,0,1,0,0,0,0,0,0,0,0,1,0,0,0,0,0,0,5.5,6.5,0.725806451612903,263
"763",0,0,0,1,0,0,0,0,0,0,0,0,0,0,1,0,0,0,0,-2.7,4.3,0.591397849462366,238
"764",0,0,0,1,0,0,0,0,0,0,0,0,0,0,0,1,0,0,0,1.8,4.4,0.559139784946237,232
"765",0,0,0,1,0,0,0,0,0,0,0,0,0,1,0,0,0,0,0,4.2,4,0.612903225806452,242
"766",0,0,0,1,0,0,0,0,0,0,0,0,0,0,0,0,0,1,0,1.3,6.3,0.516129032258065,224
"767",0,0,0,0,0,0,0,1,0,0,0,0,0,0,0,0,0,0,1,3.5,4.2,0.956989247311828,306
"768",0,0,0,0,0,0,0,1,0,0,0,0,0,0,0,0,1,0,0,6.6,4,0.629032258064516,245
"769",0,0,0,0,0,0,0,1,0,0,0,0,1,0,0,0,0,0,0,5.3,4.3,0.811827956989247,279
"770",0,0,0,0,0,0,0,1,0,0,0,0,0,0,1,0,0,0,0,5.3,7.2,0.725806451612903,263
"771",0,0,0,0,0,0,0,1,0,0,0,0,0,0,0,1,0,0,0,6.5,6.3,0.725806451612903,263
"772",0,0,0,0,0,0,0,1,0,0,0,0,0,1,0,0,0,0,0,7.6,5.3,0.67741935483871,254
"773",0,0,0,0,0,0,0,1,0,0,0,0,0,0,0,0,0,1,0,4.9,8.1,0.758064516129032,269
"774",0,0,0,0,0,0,0,1,0,0,0,0,0,0,0,0,0,0,1,3.2,7.9,0.56989247311828,234
"775",0,0,0,0,0,0,0,1,0,0,0,0,0,0,0,0,1,0,0,4.8,6.8,0.876344086021505,291
"776",0,0,0,0,0,0,0,1,0,0,0,0,1,0,0,0,0,0,0,4.7,3.8,0.849462365591398,286
"777",0,0,0,0,0,0,0,1,0,0,0,0,0,0,1,0,0,0,0,4.7,6.7,0.612903225806452,242
"778",0,0,0,0,0,0,0,1,0,0,0,0,0,0,0,1,0,0,0,4.3,3.9,0.43010752688172,208
"779",0,0,0,0,0,0,0,1,0,0,0,0,0,1,0,0,0,0,0,5.1,6.3,1,314
"780",0,0,0,0,0,0,0,1,0,0,0,0,0,0,0,0,0,1,0,2.4,8.1,0.704301075268817,259
"781",0,0,0,0,0,0,0,1,0,0,0,0,0,0,0,0,0,0,1,3.2,11.2,0.768817204301075,271
"782",0,0,0,0,0,0,0,1,0,0,0,0,0,0,0,0,1,0,0,6.2,6.4,0.623655913978495,244
"783",0,0,0,0,0,0,0,1,0,0,0,0,1,0,0,0,0,0,0,12,2.7,0.768817204301075,271
"784",0,0,0,0,0,0,0,1,0,0,0,0,0,0,1,0,0,0,0,10,6,0.548387096774194,230
"785",0,0,0,0,0,0,0,1,0,0,0,0,0,0,0,1,0,0,0,2.6,8.2,0.623655913978495,244
"786",0,0,0,0,0,0,0,1,0,0,0,0,0,1,0,0,0,0,0,3.8,3.7,0.82258064516129,281
"787",0,0,0,0,0,0,0,1,0,0,0,0,0,0,0,0,0,1,0,10.3,4.9,0.586021505376344,237
"788",0,0,0,0,0,0,0,1,0,0,0,0,0,0,0,0,0,0,1,12,4.2,0.451612903225806,212
"789",0,0,0,0,0,0,0,1,0,0,0,0,0,0,0,0,1,0,0,11.5,3.3,0.688172043010753,256
"790",0,0,0,0,0,0,0,1,0,0,0,0,1,0,0,0,0,0,0,10.5,4.4,0.543010752688172,229
"791",0,0,0,0,0,0,0,1,0,0,0,0,0,0,1,0,0,0,0,7.3,7.4,0.467741935483871,215
"792",0,0,0,0,0,0,0,1,0,0,0,0,0,0,0,1,0,0,0,10.4,5.7,0.763440860215054,270
"793",0,0,0,0,0,0,0,1,0,0,0,0,0,1,0,0,0,0,0,11.6,4.3,0.725806451612903,263
"794",0,0,0,0,0,0,0,1,0,0,0,0,0,0,0,0,0,1,0,7.9,3.7,0.553763440860215,231
"795",0,0,0,0,0,0,0,1,0,0,0,0,0,0,0,0,0,0,1,8.1,4.3,0.725806451612903,263
"796",0,0,0,0,0,0,0,1,0,0,0,0,0,0,0,0,1,0,0,4.1,7.2,0.736559139784946,265
"797",0,0,0,0,0,0,0,1,0,0,0,0,1,0,0,0,0,0,0,7.2,2.5,0.596774193548387,239
"798",1,0,0,0,0,0,0,0,0,0,0,0,0,0,1,0,0,0,0,15.4,3.1,0.666666666666667,252
"799",1,0,0,0,0,0,0,0,0,0,0,0,0,0,0,1,0,0,0,8.8,8.2,0.435483870967742,209
"800",1,0,0,0,0,0,0,0,0,0,0,0,0,1,0,0,0,0,0,8.4,3.6,0.5,221
"801",1,0,0,0,0,0,0,0,0,0,0,0,0,0,0,0,0,1,0,14.9,2.3,0.672043010752688,253
"802",1,0,0,0,0,0,0,0,0,0,0,0,0,0,0,0,0,0,1,11.5,6.9,0.478494623655914,217
"803",1,0,0,0,0,0,0,0,0,0,0,0,0,0,0,0,1,0,0,14.4,2.4,0.188172043010753,163
"804",1,0,0,0,0,0,0,0,0,0,0,0,1,0,0,0,0,0,0,13.2,7.1,0,128
